Workbook

Sheet About
A1: How to Use this Document: | B1: Details | C1: Additional Notes
A2: Installed Sensors | B2: This tab includes a comprehesive list of all the sensors, address where they are located, name and contact info for the person of contact, whether or not it needs maintenance done, whether or not there is a hotspot installed, and maintenance notes.
A3: Sensor Tracking | B3: This tab has a list of all the sensors that we own and what their status is. They are either Green: Deployed, Blue: Not deployed, ready for deployment, Orange: Not collocated, Red: Not functioning, and Purple: Missing. A bunch of the details about the sensors, including their ID number, in included on each of the lines.
A4: Hotspot Tracking | B4: This tab has a list of the hotspots that are occasionally needed for sensor deployment. If a hot spot is deployed, the associated sensor it is being used with is recorded
A5: Weekly Sensor Checks | B5: This tab is where the weekly sensor checks are documented. The instruction document on how to do sensor checks is included in the Air Quality Neighborhood sensoring Project Google Drive in the Field Maintenance folder. If they appear to be functioning, input a green yes, if not a red no, and if it's hard to tell, put down as a yellow maybe.
A6: Potential Opportunities | B6: This tab is slightly out of date in that some of these locations and contacts already have a sensor installed at that location, but other contacts are potential opportunities to reach back out to who had said at one point that they would be interested in hosting a sensor at their home or business. Use this tab if you are in need of more sensor locations and want to use the list of people who are already interested.
A7: Target Zip Codes | B7: This tab lists the zip codes that we are targeting through this project, the number of potential opportunities in each zip code, and the number of sensors located at each one (althrough this may also be a little out of date).
A8: Deployment Log | B8: This tab is intended to be a list of information about sensor deployments (i.e., which sensor was deployed to which location between which dates) which is formatted to be easily readible by machine for integration into automated data analysis.
A9: Site Descriptions | B9: This tab is intended to provide categorical data on the sensor site specifically or the direct area around them to allow for more critical analysis of the direct surroundings that could influence the measures at the site. | C9: • all measurements are in feet • land use type is a generalization of MORPC's land use data (govt is mostly libraries) • the housing density is a very approximate estimation of the density based on MORPC's land use and using a 500-foot buffer for the area around each location (if ANY residential was found within 500 feet, I used the parcel density from our land use model for these numbers)
A10: Collocation | B10: This tab included a lot of data about the sensors that have been collocated.

Sheet Community Displays
A1: Organization | B1: Primary Contact Name | C1: Email | D1: Phone | E1: Number of visual displays | F1: Link to file containing list and location information | G1: Secondary Contact information (Separated with commas) | H1: Additional Comments

Sheet Cell References
D3: Sensor Tracking | E3: Hot Spot Tracking | F3: Weekly Sensor Checks
C4: Green | D4: Deployed | E4: Deployed | F4: Good
C5: Blue | D5: Not Deployed,Ready for Deployment | E5: Not deployed | F5: Maybe
C6: Orange | D6: Not Collocated | E6: Not functioning | F6: Bad
C7: Red | D7: Not Functioning | F7: Not Deployed
C8: Purple | D8: Missing | F8: Removed

Sheet PurpleAir Sensor Tracking
A1: Sensor ID | B1: Type | C1: Sensor MAC ID | D1: Status | E1: Location | F1: Start Date of Deployment | G1: Needs Maintenance *** = take action %%% = contact Purple Air | H1: Notes | I1: Hotspot Needed? | J1: Hotspot Serial # | K1: Mobile hotspot password
A2: MORPC_001 | B2: PA-II-SD Air Quality Sensor | C2: 80:7D:3A:2B:DA:A0 | D2: Not Collocated | E2: not deployed | F2: 43943 | G2: Undetermined status - needs tested | O2: Status key:
A3: MORPC_002 | B3: PA-II-SD Air Quality Sensor | C3: 80:7D:3A:2B:5F:25 | D3: Missing | E3: not deployed | F3: 43978 | H3: Not found during equipment check 1/18/24 | O3: Not Deployed,Ready for Deployment
A4: MORPC_003 | B4: PA-II-SD Air Quality Sensor | C4: 80:7d:3a:2b:bb:25 | D4: Needs Maintenance | E4: Installed at Franklin Park Conservatory (stopped working and was replaced with MORPC_24) | F4: 43945 | G4: Won't power up | H4: Mauro was able to get sensor to power up; needs to be tested for data collection 1/18/2024 | O4: Not Functioning
A5: MORPC_004 | B5: PA-II-SD Air Quality Sensor | C5: 80:7d:3a:2b:bb:28 | D5: Missing | E5: Broad and High | F5: 43927 | H5: Went missing during protests | O5: Missing
A6: MORPC_005 | B6: PA-II-SD Air Quality Sensor | C6: 80:7d:3a:2b:81:63 | D6: Not Collocated | E6: not deployed | F6: 43921 | G6: Undertermined status - needs tested | O6: Not Collocated
A7: MORPC_006 | B7: PA-II-SD Air Quality Sensor | C7: 80:7D:3A:2B:81:5F | D7: Deployed | E7: Installed at 441 Nashoba Avenue | F7: 44464 | O7: Deployed
A8: MORPC_007 | B8: PA-II-SD Air Quality Sensor | C8: 80:7D:3A:2B:61:7A | D8: Deployed | E8: Installed at Shepard Branch Library | F8: 5/31/22 ; online as of 8/11/22 | O8: Needs Maintenance
A9: MORPC_008 | B9: PA-II-SD Air Quality Sensor | C9: 84:F3:EB:6F:79:E7 | D9: Needs Maintenance | E9: not deployed | G9: "Power socket slid back" needs tested | H9: Mauro was able to reset the power socket placement; needs to be tested for data collection 1/18/2024
A10: MORPC_009 | B10: PA-II-SD Air Quality Sensor | C10: 80:7D:3A:2B:D8:28 | D10: Not Functioning | E10: not deployed | G10: *** No SD card detected
A11: MORPC_010 | B11: PA-II-SD Air Quality Sensor | C11: 84:F3:EB:7B:C8:F6 | D11: Not Functioning | E11: not deployed - taken out of rotation for maintenance | F11: 44420 | G11: %%% Only one sensor is working | H11: Removed from installation and retired
A12: MORPC_011 | B12: PA-II-SD Air Quality Sensor | C12: 84:F3:EB:7B:C9:E2 | D12: Needs Maintenance | E12: not deployed | G12: "SD card lost inside" see note on sensor | H12: Mauro was able to retrieve the SD card and confirmed power-up of sensor. Needs to be tested. 1/18/2024
A13: MORPC_012 | B13: PA-II-SD Air Quality Sensor | C13: 80:7D:3A:2B:61:7F | D13: Deployed | E13: Installed at 1221 Chesapeake
A14: MORPC_013 | B14: PA-II-SD Air Quality Sensor | C14: 80:7D:3A:2B:DC:FE | D14: Not Functioning | E14: not deployed | G14: %%% Wifi signal from monitor not showing up | H14: Get data from SD card?
A15: MORPC_014 | B15: PA-II-SD Air Quality Sensor | C15: 80:7D:3A:2B:DA:86 | D15: Deployed | E15: Installed at 2768 Audubon Road, Linden
A16: MORPC_015 | B16: PA-II-SD Air Quality Sensor | C16: 80:7D:3A:2C:11:9C | D16: Not Functioning | E16: not deployed | G16: %%% Temp and humidity data missing
A17: MORPC_016 | B17: PA-II-SD Air Quality Sensor | C17: 80:7D:3A:2B:DC:34 | D17: Missing | E17: Installed at 1220 Striebel Road, Now not deployed | H17: Not found in equipment closet on 1/18/24
A18: MORPC_017 | B18: PA-II-SD Air Quality Sensor | C18: 80:7D:3A:2B:DA:FA | D18: Deployed | E18: Installed at 1575 Studer Ave | F18: 44754
A19: MORPC_018 | B19: PA-II-SD Air Quality Sensor | C19: 80:7D:3A:2B:DA:84 | D19: Needs Maintenance | E19: not deployed | G19: *** Won't power up? | H19: MDH shows powering up on 1/18/24
A20: MORPC_019 | B20: PA-II-SD Air Quality Sensor | C20: 80:7D:3A:2B:5F:37 | D20: Not Functioning | E20: not deployed | G20: Won't power up | H20: Mauro inspected during equipment check 1/18/24. The power input area that connects to the main green chip is not soldered on so the sensor won't power up.
A21: MORPC_020 | B21: PA-II-SD Air Quality Sensor | C21: 80:7D:3A:2B:5F:17 | D21: Not Functioning | E21: not deployed | G21: *** Channel B reading too low
A22: MORPC_021 | B22: PA-II-SD Air Quality Sensor | C22: 10:52:1C:44:DB:FA | D22: Not Functioning | E22: Not deployed
A23: MORPC_022 | B23: PA-II-SD Air Quality Sensor | C23: 10:52:1C:42:18:49 | D23: Not Functioning | E23: Removed from 1575 Studer Ave and replaced w/ MORPC_17 on 7/12/22. 9/28/22 Monitor re-deployed at Whitehall library. Found in equipment closet on 1/18/2024. | F23: 44832 | H23: Check data and then ready to be sited. Found in equipment closet on 1/18/24
A24: MORPC_023 | B24: PA-II-SD Air Quality Sensor | C24: 10:52:1C:41:BA:50 | D24: Deployed | E24: installed with COTA at 5271 N High St | F24: 44509 | H24: Check data and then ready to be sited
A25: MORPC_024 | B25: PA-II-SD Air Quality Sensor | C25: A4:CF:12:FE:0:34 | D25: Not Functioning | E25: Installed at the Franklin Park Conservatory | G25: *** Poorly correlated with reference monitor during collocation | H25: Check data and then ready to be sited
A26: MORPC_025 | B26: PA-II-SD Air Quality Sensor | C26: FC:F5:C4:9E:44:D0 | D26: Deployed | E26: Installed at South High Library Branch | H26: Check data and then ready to be sited
A27: MORPC_026 | B27: PA-II-SD Air Quality Sensor | C27: FC:F5:C4:9E:74:4C | D27: Deployed | E27: installed with COTA at 1390 Cleveland Ave | F27: 44509 | H27: Check data and then ready to be sited
A28: MORPC_027 | B28: PA-II-SD Air Quality Sensor | C28: 10:52:1C:41:43:FC | D28: Deployed | E28: Installed at Bexley City Hall, 2242 E Main St | F28: 44692
A29: MORPC_028 | B29: PA-II-SD Air Quality Sensor | C29: 10:52:1C:41:68:25 | D29: Deployed | E29: installed with COTA at 1125 E main st. | F29: 44509
A30: MORPC_029 | B30: PA-II-SD Air Quality Sensor | C30: 10:52:1C:42:21:3B | D30: Not Functioning | E30: Removed from Indianola Informal on 1/10/22 | G30: Removed from Indianola Informal on 1/10/22 - no longer turning on
A31: MORPC_030 | B31: PA-II-SD Air Quality Sensor | C31: 10:52:1C:41:35:C1 | D31: Deployed | E31: Installed at COSI - 333 W Broad St | F31: 44673
A32: MORPC_031 | B32: PA-II-SD Air Quality Sensor | C32: 10:52:1C:4D:A8:92 | D32: Not Functioning | E32: Installed at 1295 Glenn Ave, Grandview | G32: Removed 8/19/2024; | H32: Replaced withMORPC_061 since it was malfunctioning
A33: MORPC_032 | B33: PA-II-SD Air Quality Sensor | C33: A4:CF:12:FE:0:3C | D33: Deployed | E33: 2527 Nassau Dr., Blacklick (removed 2/17/23 from Nassau Dr and placed at Indianola Informal 4/4/23)
A34: MORPC_033 | B34: PA-II-SD Air Quality Sensor | C34: 10:52:1C:41:FF:70 | D34: Deployed | E34: Installed at 897 W Broad St, Columbus
A35: MORPC_034 | B35: PA-II-SD Air Quality Sensor | C35: 10:52:1C:41:BD:24 | D35: Not Functioning | E35: installed at Whitehall branch library- 9/28/22 | G35: monitor replaced becase it was not functioning
A36: MORPC_035 | B36: PA-II-SD Air Quality Sensor | C36: 10:52:1C:41:B1:4 | D36: Deployed | E36: Installed at 164 Hayden Ave, Columbus
A37: MORPC_036 | B37: PA-II-SD Air Quality Sensor | C37: 10:52:1C:44:E9:1C | D37: Deployed | E37: 2650 London Groveport Rd, Grove City | F37: 44580
A38: MORPC_037 | B38: PA-II-SD Air Quality Sensor | C38: 10:52:1C:41:CD:F1 | D38: Deployed | E38: Installed at Blendon Senior Center | F38: 44544
A39: MORPC_038 | B39: PA-II-SD Air Quality Sensor | C39: 10:52:1C:41:77:E | D39: Not Deployed,Ready for Deployment | E39: Installed at Hilltop YMCA - Removed 8/25/2025 | F39: 44700 | H39: Removed from Hilltop YMCA roof on 8/25/2025. Sensor wasn't consistenly staying online. Sensor still functions and channels are agreeing at 100%. Data has been archived and sensor is ready for re-deployment.
A40: MORPC_039 | B40: PA-II-SD Air Quality Sensor | C40: 10:52:1C:41:62:F5 | D40: Deployed | E40: Installed at Kingston Center in Grove City | F40: 44531
A41: MORPC_040 | B41: PA-II-SD Air Quality Sensor | C41: 10:52:1C:41:C2:BC | D41: Deployed | E41: 7560 Smoky Row Rd, Columbus OH | F41: 44562
A42: MORPC_041 | B42: PA-II-SD Air Quality Sensor | C42: 10:52:1C:42:2E:32 | D42: Not Collocated | E42: not deployed | G42: Undertermined status - needs tested
A43: MORPC_042 | B43: PA-II-SD Air Quality Sensor | C43: 10:52:1C:41:D1:9F | D43: Not Collocated | E43: not deployed | G43: Undertermined status - needs tested
A44: MORPC_043 | B44: PA-II-SD Air Quality Sensor | C44: 10:52:1C:41:54:A7 | D44: Not Collocated | E44: not deployed | G44: Undertermined status - needs tested
A45: MORPC_050 | B45: PA-II-SD Air Quality Sensor | C45: 30:83:98:AF:9C:AF | D45: Deployed | E45: 897 W Broad Street, Columbus OH | F45: 45405
A46: MORPC_051 | B46: PA-II-SD Air Quality Sensor | C46: 98:CD:AC:11:65:47 | D46: Deployed | E46: 133 S Cypress Ave, 43222 | F46: 45712
A47: MORPC_052 | B47: PA-II-SD Air Quality Sensor | C47: BC:FF:4D:57:27:C7 | D47: Deployed | E47: 1777 E Broad St, Columbus, OH | F47: 45509
A48: MORPC_053 | B48: PA-II-SD Air Quality Sensor | C48: 30:83:98:B0:4D:91 | D48: Deployed | E48: 711 Southwood Ave. | F48: 45439
A49: MORPC_054 | B49: PA-II-SD Air Quality Sensor | C49: 30:83:98:AE:92:34 | D49: Deployed | E49: 1833 Kent Street, Columbus, OH, 43205 | F49: 45421
A50: MORPC_055 | B50: PA-II-SD Air Quality Sensor | C50: 30:83:98:AF:5E:15 | D50: Deployed | E50: 5723 Paul Talbott Circle, Columbus, OH 43123 | F50: 45443
A51: MORPC_056 | B51: N/A | C51: N/A | D51: N/A | E51: N/A
A52: MORPC_057 | B52: N/A | C52: N/A | D52: N/A | E52: N/A
A53: MORPC_058 | B53: N/A | C53: N/A | D53: N/A | E53: N/A
A54: MORPC_059 | B54: N/A | C54: N/A | D54: N/A | E54: N/A
A55: MORPC_060 | B55: PA-II-SD Air Quality Sensor | C55: D8:BC:38:84:72:72 | D55: Deployed | E55: 3515 Leap Road, Hilliard, OH 43026 | F55: 45443 | K55: MM204700003347
A56: MORPC_061 | B56: PA-II-SD Air Quality Sensor | C56: C8:C9:A3:F:9E:65 | D56: Deployed | E56: 1295 Glenn Ave. | F56: 45523 | G56: Replaced sensor MORPC_031 that was malfunctioning | K56: MM204700003347
A57: MORPC_062 | B57: PA-II-SD Air Quality Sensor | C57: C8:C9:A3:F:9A:72 | D57: Deployed | E57: 2255 Home Road. Grove City 43123 | F57: 45525 | K57: MM204700003347
A58: MORPC_063 | B58: PA-II-SD Air Quality Sensor | C58: C8:C9:A3:F:9D:25 | D58: Not Functioning | E58: 3625 Pegg Avenue, Columbus, OH | F58: 45547 | H58: Removed on 9/16/2025 and replaced with MORPC_068 | K58: MM204700003347
A59: MORPC_064 | B59: PA-II-SD Air Quality Sensor | C59: D8:BC:38:84:51:CE | D59: Deployed | E59: 1705 Milford Avenue, Columbus, OH 43224 | F59: 45584 | H59: the temperature, humidity, and pressure sensors are not detected/functioning | K59: MM204700003347
A60: MORPC_065 | B60: PA-II-SD Air Quality Sensor | C60: C8:C9:A3:F:9E:62 | D60: Not Functioning | E60: 96 Parkview Road, Westerville, OH 43081 | F60: 45593 | G60: 45824 | H60: sensor stopped functioning and was replaced with MORPC_096 | K60: MM204700003347
A61: MORPC_066 | B61: PA-II-SD Air Quality Sensor | C61: D8:BC:38:84:4E:E7 | D61: Deployed | E61: 2040 Fenton Street, 43224 | F61: 45611 | H61: the temperature, humidity, and pressure sensors are not detected/functioning | K61: MM204700003347
A62: MORPC_067 | B62: PA-II-SD Air Quality Sensor | C62: C8:C9:A3:F:76:5 | D62: Deployed | E62: 2263 Lila Way, 43235 | F62: 45611 | K62: MM204700003347
A63: MORPC_068 | B63: PA-II-SD Air Quality Sensor | C63: C8:C9:A3:F:9E:2E | D63: Deployed | E63: 5328 Cherry Bud Ct, 43228 | F63: 45611 | H63: Sensor removed from Cherry Bud Ct and placed at 3625 Pegg Avenue, Columbus, OH on 9/16/2025. | K63: MM204700003347
A64: MORPC_069 | B64: PA-II-SD Air Quality Sensor | C64: C8:C9:A3:F:9E:7A | D64: Deployed | E64: 3492 Stokey Ct., 43230 | F64: 45615 | K64: MM204700003347
A65: MORPC_070 | B65: PA-II-SD Air Quality Sensor | C65: D8:BC:38:84:48:86 | D65: Deployed | E65: 5556 N Meadows Blvd, 43229 | F65: 45618
A66: MORPC_071 | B66: PA-II-SD Air Quality Sensor | C66: C8:C9:A3:F:9E:35 | D66: Deployed | E66: 122 E Whitter Street, 43206 | F66: 45618
A67: MORPC_072 | B67: PA-II-SD Air Quality Sensor | C67: D8:BC:38:84:76:4 | D67: Deployed | E67: 2255 Kenny Rd, Columbus, OH 43210 | F67: 45716
A68: MORPC_073 | B68: PA-II-SD Air Quality Sensor | C68: C8:C9:A3:F:9E:32 | D68: Deployed | E68: 180 W Kenworth Road, 43214 | F68: 45621
A69: MORPC_074 | B69: PA-II-SD Air Quality Sensor | C69: C8:C9:A3:F:95:34 | D69: Deployed | E69: 421 W 8th Ave, 43201 | F69: 45621
A70: MORPC_075 | B70: PA-II-SD Air Quality Sensor | C70: D8:BC:38:84:34:14 | D70: Deployed | E70: 2608 Lilypark Drive, 43219 | F70: 45621
A71: MORPC_076 | B71: PA-II-SD Air Quality Sensor | C71: C8:C9:A3:10:A:A3 | D71: Deployed | E71: 2701 Alder Vista Drive, 43231 | F71: 45621
A72: MORPC_077 | B72: PA-II-SD Air Quality Sensor | C72: C8:C9:A3:F:9D:1F | D72: Deployed | E72: 382 Westview Ave., 43214 | F72: 45622
A73: MORPC_078 | B73: PA-II-SD Air Quality Sensor | C73: C8:C9:A3:10:A:AC | D73: Deployed | E73: 81 South Kellner Road, 43209 | F73: 45629
A74: MORPC_079 | B74: PA-II-SD Air Quality Sensor | C74: C8:C9:A3:F:9E:69 | D74: Deployed | E74: 2966 Brownlee Ave | F74: 45639
A75: MORPC_080 | B75: PA-II-SD Air Quality Sensor | C75: C8:C9:A3:F:95:3 | D75: Deployed | E75: 451 Hubbard Road, Galloway | F75: 45643
A76: MORPC_081 | B76: PA-II-SD Air Quality Sensor | C76: C8:C9:A3:10:B:51 | D76: Deployed | E76: 48 N 22nd Street, 43203 | F76: 45645
... A93: MORPC_098 | B93: PA-II-SD Air Quality Sensor | C93: D8:BC:38:84:79:4D | D93: Deployed | E93: 111 Liberty Street, Suite 100, 43215 | F93: 45876
A94: MORPC_099 | B94: PA-II-SD Air Quality Sensor | C94: D8:BC:38:84:75:B6 | D94: Not Deployed,Ready for Deployment | E94: 7560 Smoky Row Rd, Columbus OH - Collocation
A95: MORPC_100 | B95: PA-II-SD Air Quality Sensor | C95: EC:64:C9:F8:B7:E5 | D95: Deployed | E95: 7560 Smoky Row Rd, Columbus OH - Collocation
A96: MORPC_101 | B96: PA-II-SD Air Quality Sensor | C96: EC:64:C9:F8:BF:5E | D96: Not Collocated | E96: 7561 Smoky Row Rd, Columbus OH - Collocation
A97: MORPC_102 | B97: PA-II-SD Air Quality Sensor | C97: EC:64:C9:F8:BE:B4 | D97: Not Collocated | E97: 7562 Smoky Row Rd, Columbus OH - Collocation
A98: MORPC_103 | B98: PA-II-SD Air Quality Sensor | C98: EC:64:C9:F8:BE:AD | D98: Not Collocated | E98: 7563 Smoky Row Rd, Columbus OH - Collocation
A99: MORPC_104 | B99: PA-II-SD Air Quality Sensor | C99: EC:64:C9:F8:BE:2D | D99: Not Collocated | E99: 7564 Smoky Row Rd, Columbus OH - Collocation
A100: MORPC_105 | B100: PA-II-SD Air Quality Sensor | C100: EC:64:C9:F8:BB:EE | D100: Not Collocated | E100: 7565 Smoky Row Rd, Columbus OH - Collocation
A101: MORPC_106 | B101: PA-II-SD Air Quality Sensor | C101: C4:D8:D5:1B:72:91 | D101: Not Collocated | E101: 7566 Smoky Row Rd, Columbus OH - Collocation
A102: MORPC_107 | B102: PA-II-SD Air Quality Sensor | C102: EC:64:C9:F8:B7:FA | D102: Not Collocated | E102: 7567 Smoky Row Rd, Columbus OH - Collocation
A103: MORPC_108 | B103: PA-II-SD Air Quality Sensor | C103: C4:D8:D5:1B:72:97 | D103: Not Collocated | E103: 7568 Smoky Row Rd, Columbus OH - Collocation
A104: MORPC_109 | B104: PA-II-SD Air Quality Sensor | C104: EC:64:C9:F8:C1:46 | D104: Not Collocated | E104: 7569 Smoky Row Rd, Columbus OH - Collocation
A105: MORPC_110 | B105: PA-II-SD Air Quality Sensor | C105: EC:64:C9:F8:B8:23 | D105: Not Collocated | E105: 7570 Smoky Row Rd, Columbus OH - Collocation
... A109: MORPC_114 | B109: PA-II-SD Air Quality Sensor | C109: EC:64:C9:F8:B7:84 | D109: Not Collocated | E109: 111 Liberty Street, Suite100 (MORPC office)
A110: MORPC_115 | B110: PA-II-SD Air Quality Sensor | D110: Not Collocated | E110: 111 Liberty Street, Suite100 (MORPC office)
A111: MORPC_116 | B111: PA-II-SD Air Quality Sensor | D111: Not Collocated | E111: 111 Liberty Street, Suite100 (MORPC office)
A112: MORPC_117 | B112: PA-II-SD Air Quality Sensor | D112: Not Collocated | E112: 111 Liberty Street, Suite100 (MORPC office)
A113: MORPC_118 | B113: PA-II-SD Air Quality Sensor | D113: Not Collocated | E113: 111 Liberty Street, Suite100 (MORPC office)
A114: MORPC_119 | B114: PA-II-SD Air Quality Sensor | D114: Not Collocated | E114: 111 Liberty Street, Suite100 (MORPC office)
A115: MORPC_120 | B115: PA-II-SD Air Quality Sensor | D115: Not Collocated | E115: 111 Liberty Street, Suite100 (MORPC office)
A116: MORPC_121 | B116: PA-II-SD Air Quality Sensor | D116: Not Collocated | E116: 111 Liberty Street, Suite100 (MORPC office)
A117: MORPC_122 | B117: PA-II-SD Air Quality Sensor | D117: Not Collocated | E117: 111 Liberty Street, Suite100 (MORPC office)
A118: MORPC_123 | B118: PA-II-SD Air Quality Sensor | D118: Not Collocated | E118: 111 Liberty Street, Suite100 (MORPC office)
A119: MORPC_124 | B119: PA-II-SD Air Quality Sensor | D119: Not Collocated | E119: 111 Liberty Street, Suite100 (MORPC office)
...

Sheet Installed Sensors
A1: Sensor ID | B1: Neighborhood | C1: Address | D1: Location Type | E1: ZIP Code | F1: Contact Name | G1: Contact Email | H1: Phone Number | I1: Hotspot installed? (5 total) | J1: Notes
A2: MORPC_003 | B2: Old Town East | C2: 1777 E Broad St | D2: Franklin Park Conservatory | E2: 43203 | F2: Garry Clarke | G2: gclarke@fpconservatory.org | H2: 614-715-8074 | J2: , Columbus- Dot on the map is 2 blocks south 2/24/22, reset sensor and learned after resetting that the B channel on the sensor is broken. Will need to replace sensor. 3/3/22, replaced sensor to a new sensor, MORPC_24.
A3: MORPC_006 | B3: Hilltop | C3: 441 Nashoba Ave, Hilltop | D3: Private Residence | E3: 43223 | F3: Megan Fiscus | G3: megantheresefiscus@gmail.com | I3: Yes | J3: 1/7/22, installed wifi hotspot.
A4: MORPC_007 | B4: Shepard | C4: 850 N Nelson Rd, Columbus | D4: Library | E4: 43219 | F4: Andrew Kistler | G4: akistler@columbuslibrary.org | H4: 614-849-1074 | J4: 5/31/22, sensor installed but could not be connected to wifi. Waiting on library IT staff to create a separate wifi network for the sensor to connect to. Once IT has that created, will go back out to get sensor online. 6/16/22, went out to connect sensor to wifi and sensor would not broadcast its wifi unplugged it for the weekend and will come back to try again. 6/23/22, went out to connect sensor and the new wifi network was not discoverable to the purpleair as a network it could connect to. Reached out to their IT and they are making adjustments to the network. 7/26/22, After hearing back from IT about network adjustments, went back out to connect the sensor and after putting the wifi password in, I keep getting an error message saying "wifi disconnected" reaching back out to IT. 8/10/22, went back out after IT said the building was blocking the wifi signal. Decided that we would try to relocate the sensor to a light pole in the parking lot that was further away from the building. Upon trying to connect the sensor to wifi, I kep getting a "wifi disconnected" message. Noticed the wifi signal was very poor - thinking that is why the sensor would not connect. Reached back out to IT and they are going to come out with me next time to help troubleshoot the wifi network. 8/11/22, met CML IT staff on site. They said the signal was not turned up enough, it was adjusted and the sensor was successfully connected and is now transmitting data online!!!
A5: MORPC_012 | B5: Grandview Heights | C5: 1221 Chesapeake Ave | D5: Local Business (Steven's Catering) | E5: 43212 | F5: Kristian Sims | G5: kristiansims42@gmail.com | J5: 11/23/22, reset the sensor bc the channels were not tracking well.
A6: MORPC_014 | B6: Linden | C6: 2768 Audubon Road | D6: Private Residence | E6: 43211 | F6: Benjamin Keith | G6: benlkeith@gmail.com
A7: MORPC_016 | B7: Whitehall | C7: 1220 Striebel Rd | E7: 43227 | F7: Carol Stitzlein | G7: bflycook@aol.com | H7: 614-236-4915
A8: MORPC_017 | B8: Far South | C8: 1575 Studer Ave | D8: Private Residence | E8: 43207 | F8: Katharine Harding | G8: katharine6547@gmail.com | I8: Yes | J8: 7/12/22, MORPC_17 was installed in place of MORPC_22. MORPC_22 was still transmitting it's hotspot and showing up on my list of wifi connections, but the sensor would not connect to wifi, so I decided to switch it out and will troubleshoot with MORPC_22 to see if I can get it up and running again for another site.
A9: MORPC_022 | B9: Whitehall | C9: 4445 E Broad St | D9: Library | E9: 43213 | F9: Andrew Kistler | G9: akistler@columbuslibrary.org | J9: 9/28/22, MORPC_34 was replaced with MORPC_22. 1/26/23, sensor was reset because it was offline. 2/9/23, sensor was removed because there was no channel agreement. Prince took to MORPC to test it out to see if it still works
A10: MORPC_022 | B10: Far South | C10: 1575 Studer Ave | D10: Private Residence | E10: 43207 | F10: Katharine Harding | G10: katharine6547@gmail.com | J10: 6/6/22, noticing that the sensor drops off and jumps back onto the map multiple times a day. Going to see if a hotspot can be installed for a stronger WiFi connection. Site host said they have been having trouble with their internet service. 6/16/22, went out to install a hotspot because sensor kept dropping off the map. Called purpleair to have the sensor reset, but sensor would not disconnect from the resident's wifi connection. Left sensor unplugged in hopes that would help it disconnect. 6/23/22, plugged sensor back in when I got there and it immedistaly connected back to host's wifi connection. removed sensor from the property and sat in a nearby parking lot for 30 mins in hopes the sensor would disconnect since it was out of range from the network. took sensor back and it still connected to hosts wifi. took sensor home with me in hopes that it would help disconnect from the wifi. 7/12/22, Took sensor back to site host's property to see if I could successfully connect it to the hotspot. Sensor was still immediately connecting back to the host's home WiFi. I brought a second sensor if this was the case and decided to install MORPC_17 in place of MORPC_22.
A11: MORPC_023 | B11: Clintonville | C11: 5271 N High St | D11: COTA Transfer Station | E11: 43214 | F11: Russell Joehlin | G11: rjoehlin@alterrare.com | I11: No | J11: 2/28/22, reset sensor bc temperature/humidity measurements had been stuck at the same readings for a while. 12/19/22, noticed that all 3 COTA sensors went offline on the same day and were no longer transmitting data to the map. Reached out to site host who said that the WiFi to all COTA sites is down for reasons out of their control. He said he will reach out to me when the WiFi is back up and running. 1/4/23, reached back out to site host to get an update on the WiFi situation. Host said there is no change and that WiFi for all COTA sites is still offline and that he will reach out when WiFi is back on. 3/27/23, reached back out to site host for an update and was told the WiFi is still out. 5/17/23, reached back out to site host for am update on WiFi. Have not received a reply back yet. 11/7/23, reached out to site host for a WiFi update..have not received a reply yet.
A12: MORPC_024 | B12: Old Town East | C12: 1777 E Broad St, Columbus- Dot on the map is 2 blocks south | D12: Franklin Park Conservatory | E12: 43203 | F12: Garry Clarke | G12: gclarke@fpconservatory.org | H12: 614-715-8074 | J12: 3/3/22, sensor deployed. 5/24/22, visited FPC because sensor had been offline for several weeks. Ground fault for the light pole was tripped so the sensor was not receiving power and the wifi booster in the nearby conference room was unplugged. We also did a site assessment and identified the support greenhouse as a second site if the light pole location continues to fail. 6/15/22, moved sensor from light pole to greenhouse nearby. 3/27/23, Reached out to site host because sensor had been offline for 5 days. Host reset sensor and it did not turn back on. Host said he thinks sensor was damaged from a storm that happened last week.
A13: MORPC_025 | B13: Far South | C13: 3540 S High St, Columbus | D13: Library | E13: 43207 | F13: Andrew Kistler | G13: akistler@columbuslibrary.org | H13: 614-849-1074 | I13: Yes | J13: 2/24/22, installed wifi hotspot.
A14: MORPC_026 | B14: Linden | C14: 1390 Cleveland Ave | D14: COTA Transfer Station | E14: 43211 | F14: Russell Joehlin | G14: rjoehlin@alterrare.com | I14: No | J14: 9/8/22, sensor was reset because it had been falling off the real-time map. Russell said he will look into having a wifi access point placed near the sensor to help strengthen the wifi signal. 12/19/22, noticed that all 3 COTA sensors went offline on the same day and were no longer transmitting data to the map. Reached out to site host who said that the WiFi to all COTA sites is down for reasons out of their control. He said he will reach out to me when the WiFi is back up and running. 1/4/23, reached back out to site host to get an update on the WiFi situation. Host said there is no change and that WiFi for all COTA sites is still offline and that he will reach out when WiFi is back on. 3/27/23, reached back out to site host for an update and was told the WiFi is still out. 5/17/23, reached back out to site host for am update on WiFi. Have not received a reply back yet. 11/7/23, reached out to site host for a WiFi update..have not received a reply yet.
A15: MORPC_027 | B15: Bexley | C15: 2242 E Main St, Bexley | D15: City Hall Building | E15: 43209 | F15: Elizabeth Ellman | G15: eellman@bexley.org | H15: 614-559-4250 | I15: No | J15: 5/11/22, sensor installed at City Hall
A16: MORPC_028 | B16: Old Town East | C16: 1125 East Main St, Columbus | D16: COTA Transfer Station | E16: 43205 | F16: Russell Joehlin | G16: rjoehlin@alterrare.com | I16: No | J16: 3/8/22, data seems to stop collecting multiple times in a day. went out to the site and power cord was not plugged in/there was not enough slack last time, jennie said a second zip tie. 4/13/22, reached out to site host because sensor was offline after performing weekly network check. Site host reset the sensor for us and sensor is back online. 5/31/22, went out to troubleshoot sensor. noticed sensor was offline after weekly netowrk check. unplugged sensor to reset and sensor popped back up on the map. 8/9/22, went out because sensor was offline. Reset the sensor and it still did not pop up on the map wifi signal is very weak. Going to reach out to our contact and see what wifi network it is connected to and try to figure out if we need a hotspot or if we can connect to another network in the building with a stronger signal.12/19/22, noticed that all 3 COTA sensors went offline on the same day and were no longer transmitting data to the map. Reached out to site host who said that the WiFi to all COTA sites is down for reasons out of their control. He said he will reach out to me when the WiFi is back up and running. 1/4/23, reached back out to site host to get an update on the WiFi situation. Host said there is no change and that WiFi for all COTA sites is still offline and that he will reach out when WiFi is back on. 3/27/23, reached back out to site host for an update and was told the WiFi is still out. 5/17/23, reached back out to site host for am update on WiFi. Have not received a reply back yet. 11/7/23, reached out to site host for a WiFi update..have not received a reply yet.
A17: MORPC_029 | B17: Clintonville | C17: 251 E Weber Rd | E17: 43202 | F17: Jared Laughbaum | G17: jlaughbaum7833@columbus.k12.oh.us | J17: 9/19/22, went out because sensor has been offline since the beginning of summer. Had to wait until school started back up (for the building to open) before I could get to the sensor to troubleshoot. Checked the power to the outlet which worked, but sensor would not show up on the map after being reset. Layla is going to have it reset by purpleair tech and then will schedule another maintenance meeting. 1/10/22, went back out and identified that MORPC_29 is no longer working. sensor has been taken down and we will be replacing with MORPC_21.
A18: MORPC_030 | B18: COSI | C18: 333 W Broad S, Columbus | D18: COSI - Big Science Park | E18: 43215 | F18: Andy Achiele | G18: aaichele@cosi.org | H18: 614-629-3110 | I18: No
A19: MORPC_031 | B19: Grandview Heights | C19: 1295 Glenn Ave | D19: Private Residence | E19: 43212 | F19: Andy Leber | G19: aleber@gmail.com | I19: No | J19: REMOVED 8/19/2024
A20: MORPC_032 | B20: Clintonville | C20: 251 E Weber Rd, Clintonville | D20: Indianola Informal K-8 School | E20: 43202 | F20: Jared Laughbaum | G20: jlaughbaum7833@columbus.k12.oh.us | I20: Yes | J20: 4/4/2023, MORPC_32 installed
A21: MORPC_032 | B21: Eastland | C21: 2527 Nassau Drive | D21: Private Residence | E21: 43232 | F21: Jessica Brewer | G21: jessica.brewer02@gmail.com | J21: 11/11/22, Host reached out to ask when the sensor will be removed becase they will be moving. Given updates provided by team member (Brandi), host agreed to host the sensor till April, 2023. 2/17/23, sensor removed from site because host was moving to a new location.
A22: MORPC_033 | B22: Franklinton | C22: 897 W Broad St, Columbus | D22: Local Business (Franklinton Cycle Works) | E22: 43222 | F22: Jonathan Youngman | G22: info@franklintoncycleworks.org | H22: 614-407-5161 | J22: 3/24/22, data seems to stop. 4/7/2022, went out and found that the sensor accidentally got unplugged. Removed on 3/7/2024.
A23: MORPC_034 | B23: Whitehall | C23: 4445 E Broad St (Library) | E23: 43213 | F23: Andrew Kistler | G23: akistler@columbuslibrary.org | J23: 9/20/22, Jennie went out and reset the sensor because it was stuck at very high values for about a week. She found a spider web in the sensor. 9/26/22, Jennie went back out to reset the sensor because Channel A data was missing. The reset did not work, so the plan is to replace the sensor.
A24: MORPC_035 | B24: Franklinton 1 | C24: 164 Hayden Ave, Columbus | D24: Private Residence | E24: 43222 | F24: Jason Boylan | G24: boylanjasonc@gmail.com | H24: 614-406-4371 | I24: Yes
A25: MORPC_036 | B25: Grove City | C25: 2650 London Groveport Rd | D25: Jackson Twshp Fire Department | E25: 43123 | F25: Todd Hurley | G25: thurley@grovecityohio.gov | I25: No | J25: Removed on 3/11/2024.
A26: MORPC_037 | B26: Blendon | C26: 6330 S Hempstead Rd, Westerville | D26: Senior Center | E26: 43081 | F26: John Giamarco | G26: jgiamarco@blendontwp.org | I26: No
A27: MORPC_038 | B27: Hilltop | C27: 2879 Valleyview Drive | D27: Hilltop YMCA | E27: 43204 | F27: Theresa Whittington | G27: twhittington@ymcacolumbus.org | I27: No | J27: 5/19/22, sensor was moved from Hilltop Library and installed at Hilltop YMCA. 1/9/22, sensor was moved to a different location on the roof of the YMCA and the sensor's cord was replaced because it was cut by someone and no longer worked. 8/25/2025, MORPC_038 was removed as it had been offline since 10/7/2024.
A28: MORPC_038 | B28: Hilltop | C28: 511 S Hague Ave | D28: Library | E28: 43204 | F28: Andrew Kistler | G28: akistler@columbuslibrary.org | I28: No | J28: 4/13/22, After weekly air quality network check, the sensor was offline. Reached out to site host to see if the sensor was unplugged or if the WiFi was out. Site host said the sensor was unplugged and plugged it back in. Sensor is back online and transmitting data again. 4/26/22, Sensor was unplugged again, so Anna & Layla went out to take a look at the site and discuss moving the sensor to a better location. After talking with the maintenance manager, we were told that the outlet is often used to charge phones and this is most likely why the sensor kept being unplugged. We came to the decision that the best way to move forward would to be to relocate the sensor to another location in Hilltop, possibly the YMCA. 5/16/22, sensor was removed from library in preparation to be placed at Hilltop YMCA
A29: MORPC_039 | B29: Grove City | C29: 3226 Kingston Ave, Grove City | D29: City Building (Parks & Rec) | E29: 43123 | F29: Todd Hurley | G29: thurley@grovecityohio.gov | H29: 614-277-1725 | J29: 8/9/22, sensor had been down for a month. Was working virtually with Grove City IT who tried resetting it a few times without luck of getting it back online. After asking purple air to archive the data and reset the sensor, it was still not broadcasting its network. We turned off the wifi network it was connected to, unplugged the sensor, re-plugged it in and waited about 10 mins before it started broadcasting its networks again. We connected it to my hotspot so it wouldn't automatically connect back to the previous wifi, turned the old wifi network back on and successfully connected it back to the wifi network it was connected to before. We also learned that where the sensor was mounted on the building, the wifi was blocked. We moved the sensor 5 feet to the left and everything worked perfectly.
A30: MORPC_040 | B30: Smoky Row/OH EPA sensoring site | C30: 7560 Smoky Row Rd, Columbus | D30: EPA Regulatory Monitoring Site | E30: 43235 | F30: Austin Deschene | G30: austin.deschene@epa.ohio.gov | H30: 614-644-3617 | I30: No
A31: MORPC_050 | B31: Franklinton 2 | C31: 897 W Broad St, Columbus | D31: Franklinton Cycle Works | E31: 43222 | F31: Jonathan Youngman | G31: info@franklintoncycleworks.org | H31: 614-407-5161 | I31: No | J31: Sensor is located on back of building above the awning out to the back door. It is screwed into the side of the cement block. A ladder is needed to access the sensor.
A32: MORPC_051 | B32: Franklinton 4 | C32: 133 S Cypress Ave, Columbus | D32: Private Residence | E32: 43222 | F32: Fawn Staten | G32: fdstaten@yahoo.com | H32: 614-774-3980 | I32: No | J32: Installed on 2/24/2025
A33: MORPC_052 | B33: Old Town East | C33: 1777 E Broad St, Columbus | D33: Franklin Park Conservatory | E33: 43203 | F33: Chris McDonald | G33: cmcdonald@fpconservatory.org | H33: 614-715-8141 | I33: No | J33: Sensor is located at the greenhouses next to the Wells Barn. The greenhouse is accessed by a locked gate. You will need a ladder to access the sensor. 7/8/25 - Ethan Hug connected us to new point of contact, Jim Butch, so we can access the sensor moving forward. New POC will be Chris McDonald and contact info updated
A34: MORPC_053 | B34: Far South | C34: 711 Southwood Ave, Columbus | D34: IMPACT Community Action | E34: 43207 | F34: Katie Devlin & Josh Kessler | G34: kdevlin@impactca.org & jkessler@impactca.org | H34: 614-371-1245 | I34: Yes | J34: Sensor is located on the roof of IMPACT attached to an onld antenna. Hotspot and power cord are fed through a small building that houses electrical/AC units.
A35: MORPC_054 | B35: Driving Park | C35: 1833 Kent Street, Columbus | D35: Private Residence | E35: 43205 | F35: Rene Coats | G35: renecoats@aol.com | H35: 614-270-9499 | I35: No | J35: Attached to Mr. John Coats' HAM radio tower facing Rhoads Avenue. Has a weak signal but is broadcasting.
A36: MORPC_055 | B36: Scioto Grove | C36: 5723 Paul Talbott Circle | D36: Private Residence | E36: 43123 | F36: Judith Bartley | G36: bartleju@gmail.com | H36: 859-652-4440 | I36: No | J36: Attached to the rear of the home on a gutter downspout, facing a very forested area of Scioto Grove Metro Park.
A37: MORPC_060 | B37: Hilliard | C37: 3515 Leap Road | D37: Private Residence | E37: 43026 | F37: Kyle Benzle | G37: kbe@gmx.us | H37: 614-505-9532 | I37: No | J37: Located on a small pole that houses a reciever for an automatic electric lawn mower. Faces Leap Road, which appeared to have a consistent flow of traffic.
A38: MORPC_061 | B38: Grandview Heights | C38: 1295 Glenn Ave | D38: Private Residence | E38: 43212 | F38: Andy Leber | G38: aleber@gmail.com | H38: 614-688-1372 | I38: No | J38: Installed on 8/19/2024, replacing 031 at this same location.
A39: MORPC_062 | B39: Grove City | C39: 2255 Home Road, Grove City | D39: Gantz Farmhouse Park | E39: 43123 | F39: Todd Hurley | G39: thurley@grovecityohio.gov | H39: 614-668-6812 | I39: No | J39: Installed on 8/22/2024
A40: MORPC_063 | B40: Knolls Thomas | C40: 3625 Pegg Avenue, Columbus | D40: Private Residence | E40: 43214 | F40: Dave Celebrezze | G40: david.celebrezze@westerville.org | H40: 614-668-1530 | I40: No | J40: Installed 9/12/2024. Removed 9/16/2025 - sensor stopped working.
A41: MORPC_064 | B41: North Linden | C41: 1688 Melrose Ave | D41: Private Residence | E41: 43224 | F41: Lucille Toth | G41: lucilletoth2@gmail.com | H41: 614-974-3113 | I41: No | J41: Installed on 10/19/2024 moved to new address and updated on 5/30/2025
A42: MORPC_065 | B42: Westerville | C42: 96 Parkview Road | D42: Private Residence | E42: 43081 | F42: Layla Abraham | G42: layla.abraham@epa.ohio.gov | H42: 419-906-4023 | I42: No | J42: Installed 10/28/2024. Removed 6/16/2025 - sensor malfunctioned
... A62: MORPC_084 | B62: South Side | C62: 1865 Nason Ave | D62: Private Residence | E62: 43207 | F62: Joann McWhorter | G62: 1865jmc@gmail.com | H62: 614-558-3332 | I62: No | J62: Installed 2/21/2025
A63: MORPC_085 | B63: Westgate | C63: 208 Demorest Road | D63: Private Residence | E63: 43204 | F63: Steve Coss | G63: coss.31@osu.edu | I63: No | J63: Installed 1/24/2025
A64: MORPC_086 | B64: South Side | C64: 2050 S High Street | D64: Business | E64: 43207 | F64: Allegra Angelini | G64: allegra@thefortinc.com | H64: 614-397-9428 | I64: No | J64: Installed 1/30/2025
A65: MORPC_087 | B65: Hilltop | C65: 106 S Wheatland Ave | D65: Private Residence | E65: 43204 | F65: Paul Kemmer | G65: paul@highlandyouthgarden.org | H65: 614-653-8263 | I65: No | J65: Installed 2/3/2025
A66: MORPC_088 | B66: Steelton | C66: 474 Hosack Street | D66: Private Residence | E66: 43207 | F66: Johnny Davis | G66: jdpolarbear@gmail.com | H66: 614-496-8075 | I66: No | J66: Installed 2/3/2025
A67: MORPC_089 | B67: Galloway | C67: 6725 Alkire Road | D67: City building (Road Department) | E67: 43119 | F67: James Jewell | G67: jjewell@prairietownship.org | H67: 614-580-5461 | I67: No | J67: Installed 2/18/2025
A68: MORPC_090 | B68: Franklinton 3 | C68: 974 Sullivant Ave | D68: Community garden | E68: 43223 | F68: Nick Stanich | G68: nick.stanich@franklintonfarms.org | H68: 614-562-4804 | I68: No | J68: Installed 2/28/2025. Gate code is 2525 if you need access to sensor.
A69: MORPC_091 | B69: Hilliard | C69: 5028 Gilwood Drive, Hilliard | D69: Private Residence | E69: 43206 | F69: Justin Burke | G69: 1jppburke@gmail.com | H69: 440-623-6100 | I69: No | J69: Installed 3/28/2025
A70: MORPC_092 | B70: Franklinton | C70: 756 Thomas Ave. | D70: Private Residence | E70: 43222 | F70: Neil Finnegan | G70: columbus_southpaw@yahoo.com | H70: 614-886-7999 | I70: No | J70: Installed 4/18/2025
A71: MORPC_093 | B71: North Linden | C71: 874 E Cooke Road | D71: Private Residence | E71: 43224 | F71: Tiffany Hanna | G71: hankem1@live.com | H71: 614-204-2285 | I71: No | J71: Installed 6/16/2025
A72: MORPC_094 | B72: North Linden | C72: 2820 Azelda Street | D72: Private Residence | E72: 43211 | F72: Nickie Millington | G72: nickiemillington@gmail.com | I72: No | J72: Installed 6/16/2025
A73: MORPC_095 | B73: Salem Village | C73: 875 Minerva Ave | D73: Private Residence | E73: 43229 | F73: Gigi Millington | G73: ggluvsfla@gmail.com | I73: No | J73: Installed 6/16/2025
A74: MORPC_096 | B74: Westerville | C74: 96 Parkview Ave | D74: Private Residence | E74: 43081 | F74: Layla Abraham | G74: laylaabraham@franklincountyohio.gov | H74: 419-906-4023 | I74: No | J74: Installed 6/20/2025
A75: MORPC_097 | B75: Gahanna | C75: 220 Olde Ridendour Rd | D75: City golf course | E75: 43230 | F75: Kelsey Bartholomew | G75: kelsey.bartholomew@gahanna.gov | H75: 614-342-4016 | I75: No | J75: Installed 7/7/2025
A76: MORPC_098 | B76: Brewery District | C76: 111 Liberty Street, Suite 100 | D76: Business | E76: 43215 | F76: JR Diaz-Hernandez | G76: mdiazhernandez@morpc.org | H76: 469-336-0094 | I76: No | J76: Installed 8/7/2025; will be up temporarily to help collocate SimpleAQ sensors from OSU
A77: MORPC_099
A78: MORPC_100
A79: MORPC_101
A80: MORPC_102
A81: MORPC_103
A82: MORPC_104
A83: MORPC_105
A84: MORPC_106
A85: MORPC_107
A86: MORPC_108
A87: MORPC_109
A88: MORPC_110
... A105: MORPC_127

Sheet Weekly Sensor Checks
A1: Sensor ID | B1: 44585 | C1: 44592 | D1: 44599 | E1: 44606 | F1: 44620 | G1: 44627 | H1: 44634 | I1: 44641 | J1: 44649 | K1: 44655 | L1: 44662 | M1: 44669 | N1: 44676 | O1: 44683 | P1: 44690 | Q1: 44704 | R1: 44712 | S1: 44718 | T1: 44725 | U1: 44732 | V1: 44750 | W1: 44753 | X1: 44767 | Y1: 44774 | Z1: 44781 | AA1: 44789 | AB1: 44795 | AC1: 44802 | AD1: 44810 | AE1: 44816 | AF1: 44823 | AG1: 44830 | AH1: 44837 | AI1: 44844 | AJ1: 44851 | AK1: 44858 | AL1: 44865 | AM1: 44872 | AN1: 44879 | AO1: 44886 | AP1: 44893 | AQ1: 44900 | AR1: 44908 | AS1: 44914 | AT1: 44921 | AU1: 44929 | AV1: 44935 | AW1: 44943 | AX1: 44949 | AY1: 44956 | AZ1: 44963 | BA1: 44970 | BB1: 44977 | BC1: 44984 | BD1: 44991 | BE1: 44998 | BF1: 45005 | BG1: 45012 | BH1: 45019 | BI1: 45026 | BJ1: 45033 | BK1: 45040 | BL1: 45047 | BM1: 45054 | BN1: 45061 | BO1: 45068 | BP1: 45076 | BQ1: 45082 | BR1: 45089 | BS1: 45096 | BT1: 45103 | BU1: 45110 | BV1: 45117 | BW1: 45124 | BX1: 45131 | BY1: 45138 | BZ1: 45145 | CA1: 45152 | CB1: 45159 | CC1: 45166 | CD1: 45173 | CE1: 45180 | CF1: 45187 | CG1: 45194 | CH1: 45201 | CI1: 45208 | CJ1: 45215 | CK1: 45222 | CL1: 45229 | CM1: 45236 | CN1: 45243 | CO1: 45250 | CP1: 45257 | CQ1: 45264 | CR1: 45271 | CS1: 45278 | CT1: 45285 | CU1: 45292 | CV1: 45299 | CW1: 45306 | CX1: 45313 | CY1: 45320 | CZ1: 45327 | DA1: 45334 | DB1: 45341 | DC1: 45348 | DD1: 45355 | DE1: 45362 | DF1: 45369 | DG1: 45376 | DH1: 45383 | DI1: 45390 | DJ1: 45397 | DK1: 45404 | DL1: 45411 | DM1: 45418 | DN1: 45425 | DO1: 45432 | DP1: 45439 | DQ1: 45446 | DR1: 45453 | DS1: 45460 | DT1: 45467 | DU1: 45474 | DV1: 45481 | DW1: 45488 | DX1: 45495 | DY1: 45502 | DZ1: 45509 | EA1: 45516 | EB1: 45523 | EC1: 45530 | ED1: 45537 | EE1: 45544 | EF1: 45551 | EG1: 45558 | EH1: 45565 | EI1: 45572 | EJ1: 45579 | EK1: 45586 | EL1: 45593 | EM1: 45600 | EN1: 45607 | EO1: 45614 | EP1: 45621 | EQ1: 45628 | ER1: 45635 | ES1: 45642 | ET1: 45649 | EU1: 45656 | EV1: 45663 | EW1: 45670 | EX1: 45677 | EY1: 45684 | EZ1: 45691 | FA1: 45698 | FB1: 45705 | FC1: 45712 | FD1: 45719 | FE1: 45726 | FF1: 45733 | FG1: 45740 | FH1: 45747 | FI1: 45754 | FJ1: 45761 | FK1: 45768 | FL1: 45775 | FM1: 45782 | FN1: 45789 | FO1: 45796 | FP1: 45803 | FQ1: 45810 | FR1: 45817 | FS1: 45824 | FT1: 45831 | FU1: 45838 | FV1: 45845 | FW1: 45852 | FX1: 45859 | FY1: 45866 | FZ1: 45873 | GA1: 45880 | GB1: 45887 | GC1: 45894 | GD1: 45901 | GE1: 45908 | GF1: 45915 | GG1: 45922 | GH1: 45929 | GI1: 45936 | GJ1: 45943 | GK1: 45950 | GL1: 45957 | GM1: 45964 | GN1: 45971 | GO1: 45978 | GP1: 45985 | GQ1: 45992 | GR1: 45999 | GS1: 46006 | GT1: 46013 | GU1: 46020 | GV1: 46027 | GW1: 46034 | GX1: 46041 | GY1: 46048 | GZ1: 46055 | HA1: 46062 | HB1: 46069 | HC1: 46076 | HD1: 46083 | HE1: 46090 | HF1: 46097 | HG1: 46104 | HH1: 46111 | HI1: 46118 | HJ1: 46125 | HK1: 46132 | HL1: 46139 | HM1: 46146 | HN1: 46153 | HO1: 46160 | HP1: 46167 | HQ1: 46174 | HR1: 46181 | HS1: 46188 | HT1: 46195 | HU1: 46202 | HV1: 46209 | HW1: 46216 | HX1: 46223 | HY1: 46230 | HZ1: 46237 | IA1: 46244 | IB1: 46251 | IC1: 46258
A2: MORPC_003 | B2: Bad | C2: Bad | D2: Good | E2: Bad | F2: Bad
A3: MORPC_006 | B3: Good | C3: Good | D3: Good | E3: Good | F3: Good | G3: Good | H3: Good | I3: Good | J3: Good | K3: Good | L3: Good | M3: Good | N3: Good | O3: Good | P3: Good | Q3: Good | R3: Good | S3: Good | T3: Maybe | U3: Good | V3: Good | W3: Good | X3: Good | Y3: Good | Z3: Good | AA3: Good | AB3: Good | AC3: Good | AD3: Good | AE3: Good | AF3: Good | AG3: Good | AH3: Good | AI3: Good | AJ3: Good | AK3: Good | AL3: Good | AM3: Good | AN3: Good | AO3: Good | AP3: Good | AQ3: Good | AR3: Maybe | AS3: Maybe | AT3: Maybe | AU3: Maybe | AV3: Good | AW3: Good | AX3: Good | AY3: Maybe | AZ3: Good | BA3: Good | BB3: Good | BC3: Good | BD3: Good | BE3: Good | BF3: Good | BG3: Good | BH3: Good | BI3: Good | BJ3: Good | BK3: Good | BL3: Good | BM3: Good | BN3: Good | BO3: Good | BP3: Good | BQ3: Good | BR3: Good | BS3: Good | BT3: Good | BU3: Good | BV3: Good | BW3: Good | BX3: Good | BY3: Good | BZ3: Good | CA3: Good | CB3: Good | CC3: Good | CD3: Good | CE3: Good | CF3: Good | CG3: Good | CH3: Good | CI3: Good | CJ3: Good | CK3: Good | CL3: Good | CM3: Good | CN3: Good | CO3: Good | CP3: Good | CQ3: Good | CR3: Good | CS3: Good | CT3: Good | CU3: Good | CV3: Good | CW3: Good | CX3: Good | CY3: Good | CZ3: Good | DA3: Good | DB3: Good | DC3: Good | DD3: Good | DE3: Good | DF3: Good | DG3: Good | DH3: Good | DI3: Good | DJ3: Good | DK3: Good | DL3: Good | DM3: Good | DN3: Maybe | DO3: Maybe | DP3: Maybe | DQ3: Good | DR3: Good | DS3: Maybe | DT3: Maybe | DU3: Good | DV3: Good | DW3: Good | DX3: Good | DY3: Good | DZ3: Good | EA3: Good | EB3: Good | EC3: Good | ED3: Good | EE3: Good | EF3: Good | EG3: Good | EH3: Good | EI3: Good | EJ3: Good | EK3: Good | EL3: Good | EM3: Good | EN3: Good | EO3: Good | EP3: Good | EQ3: Good | ER3: Good | ES3: Good | ET3: Good | EU3: Good | EV3: Good | EW3: Good | EX3: Good | EY3: Good | EZ3: Good | FA3: Good | FB3: Good | FC3: Good | FD3: Good | FE3: Good | FF3: Good | FG3: Good | FH3: Good | FI3: Good | FJ3: Good | FK3: Good | FL3: Good | FM3: Good | FN3: Good | FO3: Good | FP3: Good | FQ3: Good | FR3: Good | FS3: Good | FT3: Good | FU3: Good | FV3: Good | FW3: Good | FX3: Good | FY3: Good | FZ3: Good | GA3: Good | GB3: Good | GC3: Good | GD3: Good | GE3: Good | GF3: Good | GG3: Good | GH3: Good | GI3: Good | GJ3: Good
A4: MORPC_007 | AA4: Maybe | AB4: Good | AC4: Good | AD4: Good | AE4: Good | AF4: Good | AG4: Good | AH4: Good | AI4: Good | AJ4: Good | AK4: Good | AL4: Maybe | AM4: Good | AN4: Good | AO4: Good | AP4: Good | AQ4: Good | AR4: Good | AS4: Good | AT4: Maybe | AU4: Good | AV4: Good | AW4: Good | AX4: Good | AY4: Good | AZ4: Good | BA4: Good | BB4: Good | BC4: Good | BD4: Good | BE4: Good | BF4: Good | BG4: Good | BH4: Good | BI4: Bad | BJ4: Bad | BK4: Maybe | BL4: Good | BM4: Good | BN4: Good | BO4: Good | BP4: Good | BQ4: Good | BR4: Good | BS4: Good | BT4: Good | BU4: Good | BV4: Good | BW4: Good | BX4: Good | BY4: Good | BZ4: Good | CA4: Good | CB4: Good | CC4: Good | CD4: Good | CE4: Good | CF4: Good | CG4: Good | CH4: Good | CI4: Good | CJ4: Good | CK4: Good | CL4: Good | CM4: Good | CN4: Good | CO4: Good | CP4: Good | CQ4: Good | CR4: Good | CS4: Good | CT4: Good | CU4: Good | CV4: Good | CW4: Good | CX4: Good | CY4: Good | CZ4: Good | DA4: Good | DB4: Good | DC4: Good | DD4: Good | DE4: Good | DF4: Good | DG4: Good | DH4: Good | DI4: Good | DJ4: Good | DK4: Good | DL4: Maybe | DM4: Good | DN4: Good | DO4: Good | DP4: Good | DQ4: Good | DR4: Good | DS4: Good | DT4: Good | DU4: Good | DV4: Good | DW4: Good | DX4: Good | DY4: Good | DZ4: Good | EA4: Good | EB4: Good | EC4: Good | ED4: Good | EE4: Good | EF4: Good | EG4: Good | EH4: Good | EI4: Good | EJ4: Good | EK4: Good | EL4: Good | EM4: Good | EN4: Good | EO4: Good | EP4: Good | EQ4: Good | ER4: Good | ES4: Good | ET4: Good | EU4: Good | EV4: Good | EW4: Good | EX4: Maybe | EY4: Good | EZ4: Good | FA4: Good | FB4: Good | FC4: Good | FD4: Good | FE4: Good | FF4: Good | FG4: Good | FH4: Good | FI4: Good | FJ4: Good | FK4: Good | FL4: Good | FM4: Good | FN4: Good | FO4: Good | FP4: Good | FQ4: Good | FR4: Good | FS4: Good | FT4: Good | FU4: Good | FV4: Good | FW4: Good | FX4: Good | FY4: Good | FZ4: Good | GA4: Good | GB4: Good | GC4: Good | GD4: Bad | GE4: Bad | GF4: Bad | GG4: Bad | GH4: Bad | GI4: Bad | GJ4: Bad
A5: MORPC_012 | B5: Good | C5: Good | D5: Good | E5: Good | F5: Good | G5: Good | H5: Good | I5: Maybe | J5: Maybe | K5: Good | L5: Good | M5: Good | N5: Good | O5: Maybe | P5: Maybe | Q5: Maybe | R5: Good | S5: Maybe | T5: Good | U5: Good | V5: Good | W5: Good | X5: Good | Y5: Good | Z5: Good | AA5: Maybe | AB5: Good | AC5: Good | AD5: Good | AE5: Good | AF5: Maybe | AG5: Good | AH5: Good | AI5: Maybe | AJ5: Maybe | AK5: Maybe | AL5: Maybe | AM5: Good | AN5: Maybe | AO5: Maybe | AP5: Bad | AQ5: Bad | AR5: Bad | AS5: Bad | AT5: Bad | AU5: Bad | AV5: Good | AW5: Good | AX5: Good | AY5: Maybe | AZ5: Good | BA5: Good | BB5: Good | BC5: Good | BD5: Good | BE5: Good | BF5: Good | BG5: Maybe | BH5: Good | BI5: Good | BJ5: Bad | BK5: Bad | BL5: Bad | BM5: Bad | BN5: Bad | BO5: Bad | BP5: Bad | BQ5: Bad | BR5: Bad | BS5: Bad | BT5: Bad | BU5: Bad | BV5: Bad | BW5: Bad | BX5: Bad | BY5: Bad | BZ5: Bad | CA5: Bad | CB5: Bad | CC5: Bad | CD5: Bad | CE5: Bad | CF5: Bad | CG5: Bad | CH5: Bad | CI5: Bad | CJ5: Bad | CK5: Bad | CL5: Bad | CM5: Bad | CN5: Bad | CO5: Bad | CP5: Bad | CQ5: Bad | CR5: Bad | CS5: Bad | CT5: Bad | CU5: Bad | CV5: Bad | CW5: Bad | CX5: Bad | CY5: Bad | CZ5: Bad | DA5: Bad | DB5: Bad | DC5: Bad | DD5: Bad | DE5: Bad | DF5: Bad | DG5: Bad | DH5: Removed | DI5: Removed | DJ5: Removed | DK5: Removed | DL5: Removed | DM5: Removed | DN5: Removed | DO5: Removed | DP5: Removed | DQ5: Removed | DR5: Removed | DS5: Removed | DT5: Removed | DU5: Removed | DV5: Removed | DW5: Removed | DX5: Removed | DY5: Removed | DZ5: Removed | EA5: Removed | EB5: Removed | EC5: Removed | ED5: Removed | EE5: Removed | EF5: Removed | EG5: Removed | EH5: Removed | EI5: Removed | EJ5: Removed | EK5: Removed | EL5: Removed | EM5: Removed | EN5: Removed | EO5: Removed | EP5: Removed | EQ5: Removed | ER5: Removed | ES5: Removed | ET5: Removed | EU5: Removed | EV5: Removed | EW5: Removed | EX5: Removed | EY5: Removed | EZ5: Removed | FA5: Removed | FB5: Removed | FC5: Removed | FD5: Removed | FE5: Removed | FF5: Removed | FG5: Removed | FH5: Removed | FI5: Removed | FJ5: Removed | FK5: Removed | FL5: Removed | FM5: Removed | FN5: Removed | FO5: Removed | FP5: Removed | FQ5: Removed | FR5: Removed | FS5: Removed | FT5: Removed | FU5: Removed | FV5: Removed
A6: MORPC_014 | B6: Good | C6: Good | D6: Good | E6: Good | F6: Good | G6: Good | H6: Good | I6: Good | J6: Good | K6: Good | L6: Good | M6: Good | N6: Good | O6: Good | P6: Good | Q6: Good | R6: Good | S6: Good | T6: Good | U6: Good | V6: Good | W6: Good | X6: Bad | Y6: Good | Z6: Good | AA6: Good | AB6: Good | AC6: Good | AD6: Good | AE6: Bad | AF6: Good | AG6: Good | AH6: Good | AI6: Good | AJ6: Good | AK6: Good | AL6: Good | AM6: Good | AN6: Good | AO6: Good | AP6: Bad | AQ6: Good | AR6: Good | AS6: Good | AT6: Good | AU6: Good | AV6: Good | AW6: Good | AX6: Good | AY6: Maybe | AZ6: Good | BA6: Good | BB6: Good | BC6: Good | BD6: Good | BE6: Good | BF6: Good | BG6: Good | BH6: Good | BI6: Good | BJ6: Good | BK6: Good | BL6: Good | BM6: Good | BN6: Good | BO6: Good | BP6: Good | BQ6: Good | BR6: Good | BS6: Good | BT6: Good | BU6: Good | BV6: Good | BW6: Good | BX6: Good | BY6: Good | BZ6: Good | CA6: Good | CB6: Good | CC6: Good | CD6: Good | CE6: Good | CF6: Good | CG6: Good | CH6: Good | CI6: Good | CJ6: Good | CK6: Good | CL6: Good | CM6: Good | CN6: Good | CO6: Good | CP6: Good | CQ6: Good | CR6: Good | CS6: Good | CT6: Good | CU6: Good | CV6: Good | CW6: Good | CX6: Good | CY6: Good | CZ6: Good | DA6: Good | DB6: Good | DC6: Good | DD6: Good | DE6: Good | DF6: Good | DG6: Good | DH6: Good | DI6: Good | DJ6: Good | DK6: Good | DL6: Good | DM6: Good | DN6: Good | DO6: Good | DP6: Good | DQ6: Good | DR6: Good | DS6: Good | DT6: Good | DU6: Good | DV6: Good | DW6: Good | DX6: Good | DY6: Good | DZ6: Good | EA6: Good | EB6: Good | EC6: Good | ED6: Bad | EE6: Good | EF6: Good | EG6: Good | EH6: Good | EI6: Good | EJ6: Good | EK6: Good | EL6: Good | EM6: Good | EN6: Good | EO6: Good | EP6: Good | EQ6: Good | ER6: Good | ES6: Good | ET6: Good | EU6: Good | EV6: Good | EW6: Good | EX6: Good | EY6: Good | EZ6: Good | FA6: Good | FB6: Good | FC6: Good | FD6: Good | FE6: Good | FF6: Good | FG6: Good | FH6: Good | FI6: Good | FJ6: Good | FK6: Good | FL6: Good | FM6: Good | FN6: Good | FO6: Good | FP6: Good | FQ6: Good | FR6: Good | FS6: Good | FT6: Good | FU6: Good | FV6: Good | FW6: Good | FX6: Good | FY6: Good | FZ6: Good | GA6: Good | GB6: Good | GC6: Good | GD6: Good | GE6: Good | GF6: Good | GG6: Good | GH6: Good | GI6: Good | GJ6: Good
A7: MORPC_017 | X7: Good | Y7: Good | Z7: Good | AA7: Good | AB7: Good | AC7: Good | AD7: Good | AE7: Maybe | AF7: Good | AG7: Maybe | AH7: Maybe | AI7: Maybe | AJ7: Maybe | AK7: Maybe | AL7: Maybe | AM7: Maybe | AN7: Maybe | AO7: Maybe | AP7: Maybe | AQ7: Good | AR7: Maybe | AS7: Good | AT7: Good | AU7: Good | AV7: Good | AW7: Good | AX7: Good | AY7: Good | AZ7: Good | BA7: Good | BB7: Good | BC7: Good | BD7: Good | BE7: Good | BF7: Good | BG7: Good | BH7: Good | BI7: Good | BJ7: Good | BK7: Good | BL7: Good | BM7: Good | BN7: Good | BO7: Good | BP7: Good | BQ7: Good | BR7: Good | BS7: Good | BT7: Good | BU7: Good | BV7: Good | BW7: Good | BX7: Good | BY7: Good | BZ7: Good | CA7: Good | CB7: Good | CC7: Good | CD7: Good | CE7: Good | CF7: Good | CG7: Good | CH7: Good | CI7: Good | CJ7: Good | CK7: Good | CL7: Good | CM7: Good | CN7: Good | CO7: Bad | CP7: Bad | CQ7: Bad | CR7: Bad | CS7: Bad | CT7: Bad | CU7: Bad | CV7: Bad | CW7: Bad | CX7: Bad | CY7: Bad | CZ7: Maybe | DA7: Bad | DB7: Bad | DC7: Bad | DD7: Bad | DE7: Bad | DF7: Removed | DG7: Removed | DH7: Removed | DI7: Removed | DJ7: Removed | DK7: Removed | DL7: Removed | DM7: Removed | DN7: Removed | DO7: Removed | DP7: Removed | DQ7: Removed | DR7: Removed | DS7: Removed | DT7: Removed | DU7: Removed | DV7: Removed | DW7: Removed | DX7: Removed | DY7: Removed | DZ7: Removed | EA7: Removed | EB7: Removed | EC7: Removed | ED7: Removed | EE7: Removed | EF7: Removed | EG7: Removed | EH7: Removed | EI7: Removed | EJ7: Removed | EK7: Removed | EL7: Removed | EM7: Removed | EN7: Removed | EO7: Removed | EP7: Removed | EQ7: Removed | ER7: Removed | ES7: Removed | ET7: Removed | EU7: Removed | EV7: Removed | EW7: Removed | EX7: Removed | EY7: Removed | EZ7: Removed | FA7: Removed | FB7: Removed | FC7: Removed | FD7: Removed | FE7: Removed | FF7: Removed | FG7: Removed | FH7: Removed | FI7: Removed | FJ7: Removed | FK7: Removed | FL7: Removed | FM7: Removed | FN7: Removed | FO7: Removed | FP7: Removed | FQ7: Removed | FR7: Removed | FS7: Removed | FT7: Removed | FU7: Removed | FV7: Removed
A8: MORPC_022 | AH8: Good | AI8: Good | AJ8: Good | AK8: Good | AL8: Good | AM8: Good | AN8: Good | AO8: Good | AP8: Good | AQ8: Good | AR8: Good | AS8: Good | AT8: Maybe | AU8: Good | AV8: Good | AW8: Bad | AX8: Bad | AY8: Bad | AZ8: Bad | BA8: Bad | BB8: Bad | BC8: Bad | BD8: Bad | BE8: Bad | BF8: Bad | BG8: Bad | BH8: Bad | BI8: Bad | BJ8: Bad | BK8: Bad | BL8: Bad | BM8: Bad | BN8: Bad | BO8: Bad | BP8: Bad | BQ8: Bad | BR8: Bad | BS8: Bad | BT8: Bad | BU8: Bad | BV8: Bad | BW8: Bad | BX8: Bad | BY8: Bad | BZ8: Bad | CA8: Bad | CB8: Bad | CC8: Bad | CD8: Bad | CE8: Bad | CF8: Bad | CG8: Bad | CH8: Bad | CI8: Bad | CJ8: Bad | CK8: Bad | CL8: Bad | CM8: Bad | CN8: Bad | CO8: Bad | CP8: Bad
A9: MORPC_022 | B9: Good | C9: Good | D9: Good | E9: Good | F9: Good | G9: Good | H9: Good | I9: Good | J9: Good | K9: Good | L9: Good | M9: Good | N9: Good | O9: Good | P9: Good | Q9: Maybe | R9: Maybe | S9: Maybe | T9: Maybe | U9: Bad | V9: Bad | W9: Bad
A10: MORPC_023 | B10: Good | C10: Good | D10: Good | E10: Bad | F10: Good | G10: Good | H10: Good | I10: Good | J10: Good | K10: Good | L10: Good | M10: Good | N10: Good | O10: Good | P10: Good | Q10: Good | R10: Good | S10: Good | T10: Good | U10: Good | V10: Good | W10: Good | X10: Good | Y10: Good | Z10: Good | AA10: Good | AB10: Good | AC10: Good | AD10: Good | AE10: Good | AF10: Good | AG10: Good | AH10: Bad | AI10: Good | AJ10: Good | AK10: Good | AL10: Maybe | AM10: Good | AN10: Good | AO10: Good | AP10: Good | AQ10: Good | AR10: Good | AS10: Bad | AT10: Bad | AU10: Bad | AV10: Bad | AW10: Bad | AX10: Bad | AY10: Bad | AZ10: Bad | BA10: Bad | BB10: Bad | BC10: Bad | BD10: Bad | BE10: Bad | BF10: Bad | BG10: Bad | BH10: Bad | BI10: Bad | BJ10: Bad | BK10: Bad | BL10: Bad | BM10: Bad | BN10: Bad | BO10: Bad | BP10: Bad | BQ10: Bad | BR10: Bad | BS10: Bad | BT10: Bad | BU10: Bad | BV10: Bad | BW10: Bad | BX10: Bad | BY10: Bad | BZ10: Bad | CA10: Bad | CB10: Bad | CC10: Bad | CD10: Bad | CE10: Bad | CF10: Bad | CG10: Bad | CH10: Bad | CI10: Bad | CJ10: Bad | CK10: Bad | CL10: Bad | CM10: Bad | CN10: Bad | CO10: Bad | CP10: Bad | CQ10: Maybe | CR10: Maybe | CS10: Maybe | CT10: Bad | CU10: Bad | CV10: Bad | CW10: Bad | CX10: Bad | CY10: Bad | CZ10: Bad | DA10: Bad | DB10: Bad | DC10: Bad | DD10: Bad | DE10: Bad | DF10: Bad | DG10: Bad | DH10: Bad | DI10: Bad | DJ10: Bad | DK10: Bad | DL10: Bad | DM10: Removed | DN10: Removed | DO10: Removed | DP10: Removed | DQ10: Removed | DR10: Removed | DS10: Removed | DT10: Removed | DU10: Removed | DV10: Removed | DW10: Removed | DX10: Removed | DY10: Removed | DZ10: Removed | EA10: Removed | EB10: Removed | EC10: Removed | ED10: Removed | EE10: Removed | EF10: Removed | EG10: Removed | EH10: Removed | EI10: Removed | EJ10: Removed | EK10: Removed | EL10: Removed | EM10: Removed | EN10: Removed | EO10: Removed | EP10: Removed | EQ10: Removed | ER10: Removed | ES10: Removed | ET10: Removed | EU10: Removed | EV10: Removed | EW10: Removed | EX10: Removed | EY10: Removed | EZ10: Removed | FA10: Removed | FB10: Removed | FC10: Removed | FD10: Removed | FE10: Removed | FF10: Removed | FG10: Removed | FH10: Removed | FI10: Removed | FJ10: Removed | FK10: Removed | FL10: Removed | FM10: Removed | FN10: Removed | FO10: Removed | FP10: Removed | FQ10: Removed | FR10: Removed | FS10: Removed | FT10: Removed | FU10: Removed | FV10: Removed
A11: MORPC_024 | G11: Good | H11: Good | I11: Good | J11: Good | K11: Good | L11: Good | M11: Good | N11: Bad | O11: Bad | P11: Bad | Q11: Bad | R11: Bad | S11: Bad | T11: Bad | U11: Good | V11: Good | W11: Good | X11: Good | Y11: Good | Z11: Good | AA11: Good | AB11: Good | AC11: Good | AD11: Good | AE11: Good | AF11: Good | AG11: Bad | AH11: Good | AI11: Good | AJ11: Good | AK11: Good | AL11: Good | AM11: Good | AN11: Bad | AO11: Good | AP11: Good | AQ11: Good | AR11: Good | AS11: Good | AT11: Good | AU11: Good | AV11: Good | AW11: Good | AX11: Good | AY11: Good | AZ11: Good | BA11: Good | BB11: Good | BC11: Good | BD11: Good | BE11: Good | BF11: Good | BG11: Bad | BH11: Bad | BI11: Bad | BJ11: Bad | BK11: Bad | BL11: Bad | BM11: Bad | BN11: Bad | BO11: Bad | BP11: Bad | BQ11: Bad | BR11: Bad | BS11: Bad | BT11: Bad | BU11: Bad | BV11: Bad | BW11: Bad | BX11: Bad | BY11: Bad | BZ11: Bad | CA11: Bad | CB11: Bad | CC11: Bad | CD11: Bad | CE11: Bad | CF11: Bad | CG11: Bad | CH11: Bad | CI11: Bad | CJ11: Bad | CK11: Bad | CL11: Bad | CM11: Bad | CN11: Bad | CO11: Bad | CP11: Bad | CQ11: Bad | CR11: Bad | CS11: Bad | CT11: Bad | CU11: Bad | CV11: Bad | CW11: Bad | CX11: Bad | CY11: Bad | CZ11: Bad | DA11: Bad | DB11: Bad | DC11: Bad | DD11: Bad | DE11: Bad | DF11: Removed | DG11: Removed | DH11: Removed | DI11: Removed | DJ11: Removed | DK11: Removed | DL11: Removed | DM11: Removed | DN11: Removed | DO11: Removed | DP11: Removed | DQ11: Removed | DR11: Removed | DS11: Removed | DT11: Removed | DU11: Removed | DV11: Removed | DW11: Removed | DX11: Removed | DY11: Removed | DZ11: Removed | EA11: Removed | EB11: Removed | EC11: Removed | ED11: Removed | EE11: Removed | EF11: Removed | EG11: Removed | EH11: Removed | EI11: Removed | EJ11: Removed | EK11: Removed | EL11: Removed | EM11: Removed | EN11: Removed | EO11: Removed | EP11: Removed | EQ11: Removed | ER11: Removed | ES11: Removed | ET11: Removed | EU11: Removed | EV11: Removed | EW11: Removed | EX11: Removed | EY11: Removed | EZ11: Removed | FA11: Removed | FB11: Removed | FC11: Removed | FD11: Removed | FE11: Removed | FF11: Removed | FG11: Removed | FH11: Removed | FI11: Removed | FJ11: Removed | FK11: Removed | FL11: Removed | FM11: Removed | FN11: Removed | FO11: Removed | FP11: Removed | FQ11: Removed | FR11: Removed | FS11: Removed | FT11: Removed | FU11: Removed | FV11: Removed
A12: MORPC_025 | B12: Good | C12: Bad | D12: Bad | E12: Bad | F12: Good | G12: Good | H12: Good | I12: Good | J12: Good | K12: Good | L12: Good | M12: Good | N12: Good | O12: Good | P12: Good | Q12: Good | R12: Good | S12: Good | T12: Good | U12: Good | V12: Good | W12: Good | X12: Bad | Y12: Good | Z12: Good | AA12: Good | AB12: Good | AC12: Maybe | AD12: Good | AE12: Good | AF12: Good | AG12: Good | AH12: Good | AI12: Good | AJ12: Good | AK12: Good | AL12: Good | AM12: Good | AN12: Good | AO12: Good | AP12: Good | AQ12: Good | AR12: Good | AS12: Good | AT12: Good | AU12: Good | AV12: Good | AW12: Good | AX12: Good | AY12: Good | AZ12: Good | BA12: Good | BB12: Good | BC12: Good | BD12: Good | BE12: Good | BF12: Good | BG12: Good | BH12: Good | BI12: Good | BJ12: Good | BK12: Good | BL12: Good | BM12: Good | BN12: Good | BO12: Good | BP12: Good | BQ12: Good | BR12: Good | BS12: Good | BT12: Good | BU12: Good | BV12: Good | BW12: Good | BX12: Good | BY12: Good | BZ12: Good | CA12: Good | CB12: Good | CC12: Good | CD12: Good | CE12: Good | CF12: Good | CG12: Good | CH12: Good | CI12: Good | CJ12: Good | CK12: Good | CL12: Good | CM12: Good | CN12: Good | CO12: Good | CP12: Good | CQ12: Good | CR12: Good | CS12: Good | CT12: Good | CU12: Good | CV12: Good | CW12: Good | CX12: Good | CY12: Good | CZ12: Good | DA12: Good | DB12: Good | DC12: Good | DD12: Good | DE12: Good | DF12: Good | DG12: Good | DH12: Good | DI12: Good | DJ12: Good | DK12: Good | DL12: Good | DM12: Good | DN12: Good | DO12: Good | DP12: Good | DQ12: Good | DR12: Good | DS12: Good | DT12: Good | DU12: Good | DV12: Good | DW12: Good | DX12: Good | DY12: Good | DZ12: Good | EA12: Good | EB12: Good | EC12: Good | ED12: Good | EE12: Good | EF12: Good | EG12: Good | EH12: Good | EI12: Good | EJ12: Good | EK12: Good | EL12: Good | EM12: Good | EN12: Good | EO12: Good | EP12: Good | EQ12: Good | ER12: Good | ES12: Good | ET12: Good | EU12: Good | EV12: Good | EW12: Good | EX12: Good | EY12: Good | EZ12: Good | FA12: Good | FB12: Good | FC12: Good | FD12: Good | FE12: Good | FF12: Good | FG12: Good | FH12: Good | FI12: Good | FJ12: Good | FK12: Good | FL12: Good | FM12: Bad | FN12: Bad | FO12: Bad | FP12: Bad | FQ12: Bad | FR12: Bad | FS12: Bad | FT12: Bad | FU12: Bad | FV12: Bad | FW12: Bad | FX12: Bad | FY12: Bad | FZ12: Bad | GA12: Bad | GB12: Bad | GC12: Bad | GD12: Bad | GE12: Bad | GF12: Bad | GG12: Bad | GH12: Bad | GI12: Bad | GJ12: Bad
A13: MORPC_026 | B13: Good | C13: Good | D13: Good | E13: Good | F13: Good | G13: Good | H13: Good | I13: Good | J13: Good | K13: Good | L13: Good | M13: Good | N13: Good | O13: Good | P13: Good | Q13: Good | R13: Good | S13: Good | T13: Good | U13: Good | V13: Good | W13: Good | X13: Good | Y13: Good | Z13: Good | AA13: Good | AB13: Good | AC13: Bad | AD13: Maybe | AE13: Good | AF13: Good | AG13: Good | AH13: Good | AI13: Bad | AJ13: Good | AK13: Good | AL13: Good | AM13: Good | AN13: Good | AO13: Good | AP13: Good | AQ13: Good | AR13: Good | AS13: Bad | AT13: Bad | AU13: Bad | AV13: Bad | AW13: Bad | AX13: Bad | AY13: Bad | AZ13: Bad | BA13: Bad | BB13: Bad | BC13: Bad | BD13: Bad | BE13: Bad | BF13: Bad | BG13: Bad | BH13: Bad | BI13: Bad | BJ13: Bad | BK13: Bad | BL13: Bad | BM13: Bad | BN13: Bad | BO13: Bad | BP13: Bad | BQ13: Bad | BR13: Bad | BS13: Bad | BT13: Bad | BU13: Bad | BV13: Bad | BW13: Bad | BX13: Bad | BY13: Bad | BZ13: Bad | CA13: Bad | CB13: Bad | CC13: Bad | CD13: Bad | CE13: Bad | CF13: Bad | CG13: Bad | CH13: Bad | CI13: Bad | CJ13: Bad | CK13: Bad | CL13: Bad | CM13: Maybe | CN13: Maybe | CO13: Maybe | CP13: Maybe | CQ13: Maybe | CR13: Maybe | CS13: Maybe | CT13: Maybe | CU13: Maybe | CV13: Maybe | CW13: Maybe | CX13: Maybe | CY13: Maybe | CZ13: Maybe | DA13: Maybe | DB13: Maybe | DC13: Maybe | DD13: Maybe | DE13: Bad | DF13: Good | DG13: Good | DH13: Good | DI13: Good | DJ13: Good | DK13: Good | DL13: Removed | DM13: Removed | DN13: Removed | DO13: Removed | DP13: Removed | DQ13: Removed | DR13: Removed | DS13: Removed | DT13: Removed | DU13: Removed | DV13: Removed | DW13: Removed | DX13: Removed | DY13: Removed | DZ13: Removed | EA13: Removed | EB13: Removed | EC13: Removed | ED13: Removed | EE13: Removed | EF13: Removed | EG13: Removed | EH13: Removed | EI13: Removed | EJ13: Removed | EK13: Removed | EL13: Removed | EM13: Removed | EN13: Removed | EO13: Removed | EP13: Removed | EQ13: Removed | ER13: Removed | ES13: Removed | ET13: Removed | EU13: Removed | EV13: Removed | EW13: Removed | EX13: Removed | EY13: Removed | EZ13: Removed | FA13: Removed | FB13: Removed | FC13: Removed | FD13: Removed | FE13: Removed | FF13: Removed | FG13: Removed | FH13: Removed | FI13: Removed | FJ13: Removed | FK13: Removed | FL13: Removed | FM13: Removed | FN13: Removed | FO13: Removed | FP13: Removed | FQ13: Removed | FR13: Removed | FS13: Removed | FT13: Removed | FU13: Removed | FV13: Removed
A14: MORPC_027 | Q14: Maybe | R14: Maybe | S14: Good | T14: Good | U14: Good | V14: Good | W14: Good | X14: Good | Y14: Good | Z14: Good | AA14: Good | AB14: Good | AC14: Good | AD14: Good | AE14: Good | AF14: Good | AG14: Good | AH14: Good | AI14: Good | AJ14: Good | AK14: Good | AL14: Good | AM14: Good | AN14: Good | AO14: Good | AP14: Good | AQ14: Good | AR14: Good | AS14: Good | AT14: Maybe | AU14: Good | AV14: Good | AW14: Good | AX14: Good | AY14: Good | AZ14: Good | BA14: Good | BB14: Good | BC14: Good | BD14: Good | BE14: Good | BF14: Good | BG14: Good | BH14: Good | BI14: Good | BJ14: Good | BK14: Good | BL14: Good | BM14: Good | BN14: Good | BO14: Good | BP14: Good | BQ14: Good | BR14: Good | BS14: Good | BT14: Good | BU14: Good | BV14: Good | BW14: Good | BX14: Good | BY14: Good | BZ14: Good | CA14: Good | CB14: Good | CC14: Good | CD14: Good | CE14: Good | CF14: Good | CG14: Good | CH14: Good | CI14: Good | CJ14: Good | CK14: Good | CL14: Good | CM14: Good | CN14: Good | CO14: Good | CP14: Good | CQ14: Good | CR14: Good | CS14: Good | CT14: Good | CU14: Good | CV14: Good | CW14: Good | CX14: Good | CY14: Good | CZ14: Good | DA14: Good | DB14: Good | DC14: Good | DD14: Good | DE14: Good | DF14: Good | DG14: Good | DH14: Good | DI14: Good | DJ14: Good | DK14: Good | DL14: Good | DM14: Good | DN14: Good | DO14: Good | DP14: Good | DQ14: Good | DR14: Good | DS14: Good | DT14: Good | DU14: Good | DV14: Good | DW14: Good | DX14: Good | DY14: Good | DZ14: Good | EA14: Good | EB14: Good | EC14: Good | ED14: Good | EE14: Bad | EF14: Good | EG14: Good | EH14: Good | EI14: Good | EJ14: Good | EK14: Good | EL14: Good | EM14: Good | EN14: Good | EO14: Bad | EP14: Bad | EQ14: Good | ER14: Good | ES14: Good | ET14: Good | EU14: Good | EV14: Good | EW14: Good | EX14: Bad | EY14: Bad | EZ14: Bad | FA14: Bad | FB14: Bad | FC14: Bad | FD14: Bad | FE14: Bad | FF14: Bad | FG14: Good | FH14: Good | FI14: Bad | FJ14: Bad | FK14: Bad | FL14: Bad | FM14: Good | FN14: Good | FO14: Good | FP14: Good | FQ14: Good | FR14: Good | FS14: Good | FT14: Good | FU14: Good | FV14: Good | FW14: Good | FX14: Good | FY14: Good | FZ14: Good | GA14: Good | GB14: Good | GC14: Good | GD14: Good | GE14: Good | GF14: Good | GG14: Good | GH14: Good | GI14: Good | GJ14: Good
A15: MORPC_028 | B15: Good | C15: Good | D15: Good | E15: Good | F15: Good | G15: Good | H15: Bad | I15: Bad | J15: Bad | K15: Good | L15: Bad | M15: Good | N15: Good | O15: Good | P15: Maybe | Q15: Bad | R15: Bad | S15: Maybe | T15: Maybe | U15: Bad | V15: Bad | W15: Maybe | X15: Good | Y15: Bad | Z15: Bad | AA15: Good | AB15: Good | AC15: Maybe | AD15: Maybe | AE15: Good | AF15: Good | AG15: Good | AH15: Good | AI15: Good | AJ15: Good | AK15: Good | AL15: Good | AM15: Good | AN15: Good | AO15: Good | AP15: Bad | AQ15: Bad | AR15: Bad | AS15: Bad | AT15: Bad | AU15: Bad | AV15: Bad | AW15: Bad | AX15: Bad | AY15: Bad | AZ15: Bad | BA15: Bad | BB15: Bad | BC15: Bad | BD15: Bad | BE15: Bad | BF15: Bad | BG15: Bad | BH15: Bad | BI15: Bad | BJ15: Bad | BK15: Bad | BL15: Bad | BM15: Bad | BN15: Bad | BO15: Bad | BP15: Bad | BQ15: Bad | BR15: Bad | BS15: Bad | BT15: Bad | BU15: Bad | BV15: Bad | BW15: Bad | BX15: Bad | BY15: Bad | BZ15: Bad | CA15: Bad | CB15: Bad | CC15: Bad | CD15: Bad | CE15: Bad | CF15: Bad | CG15: Bad | CH15: Bad | CI15: Bad | CJ15: Bad | CK15: Bad | CL15: Bad | CM15: Bad | CN15: Bad | CO15: Bad | CP15: Bad | CQ15: Bad | CR15: Bad | CS15: Bad | CT15: Bad | CU15: Bad | CV15: Bad | CW15: Bad | CX15: Bad | CY15: Bad | CZ15: Bad | DA15: Bad | DB15: Bad | DC15: Bad | DD15: Bad | DE15: Bad | DF15: Bad | DG15: Bad | DH15: Bad | DI15: Bad | DJ15: Bad | DK15: Bad | DL15: Removed | DM15: Removed | DN15: Removed | DO15: Removed | DP15: Removed | DQ15: Removed | DR15: Removed | DS15: Removed | DT15: Removed | DU15: Removed | DV15: Removed | DW15: Removed | DX15: Removed | DY15: Removed | DZ15: Removed | EA15: Removed | EB15: Removed | EC15: Removed | ED15: Removed | EE15: Removed | EF15: Removed | EG15: Removed | EH15: Removed | EI15: Removed | EJ15: Removed | EK15: Removed | EL15: Removed | EM15: Removed | EN15: Removed | EO15: Removed | EP15: Removed | EQ15: Removed | ER15: Removed | ES15: Removed | ET15: Removed | EU15: Removed | EV15: Removed | EW15: Removed | EX15: Removed | EY15: Removed | EZ15: Removed | FA15: Removed | FB15: Removed | FC15: Removed | FD15: Removed | FE15: Removed | FF15: Removed | FG15: Removed | FH15: Removed | FI15: Removed | FJ15: Removed | FK15: Removed | FL15: Removed | FM15: Removed | FN15: Removed | FO15: Removed | FP15: Removed | FQ15: Removed | FR15: Removed | FS15: Removed | FT15: Removed | FU15: Removed | FV15: Removed
A16: MORPC_029 | B16: Good | C16: Good | D16: Good | E16: Good | F16: Good | G16: Good | H16: Good | I16: Good | J16: Good | K16: Good | L16: Good | M16: Good | N16: Good | O16: Good | P16: Maybe | Q16: Maybe | R16: Bad | S16: Bad | T16: Bad | U16: Bad | V16: Bad | W16: Bad | X16: Bad | Y16: Bad | Z16: Bad | AA16: Bad | AB16: Bad | AC16: Bad | AD16: Bad | AE16: Bad | AF16: Bad | AG16: Bad | AH16: Bad | AI16: Bad | AJ16: Bad | AK16: Bad | AL16: Bad | AM16: Bad | AN16: Bad | AO16: Bad | AP16: Bad | AQ16: Bad | AR16: Bad | AS16: Bad | AT16: Bad | AU16: Bad | AV16: Bad | AW16: Bad | AX16: Bad | AY16: Bad | AZ16: Bad | BA16: Bad | BB16: Bad | BC16: Bad | BD16: Bad | BE16: Bad | BF16: Bad | BG16: Bad | BH16: Bad
A17: MORPC_030 | N17: Good | O17: Good | P17: Good | Q17: Good | R17: Good | S17: Good | T17: Good | U17: Good | V17: Good | W17: Good | X17: Good | Y17: Good | Z17: Good | AA17: Good | AB17: Good | AC17: Good | AD17: Good | AE17: Good | AF17: Good | AG17: Good | AH17: Good | AI17: Good | AJ17: Good | AK17: Good | AL17: Good | AM17: Good | AN17: Good | AO17: Good | AP17: Good | AQ17: Good | AR17: Good | AS17: Good | AT17: Good | AU17: Good | AV17: Good | AW17: Good | AX17: Good | AY17: Good | AZ17: Good | BA17: Good | BB17: Good | BC17: Good | BD17: Good | BE17: Good | BF17: Good | BG17: Good | BH17: Good | BI17: Good | BJ17: Good | BK17: Good | BL17: Good | BM17: Good | BN17: Good | BO17: Good | BP17: Good | BQ17: Good | BR17: Good | BS17: Good | BT17: Good | BU17: Good | BV17: Good | BW17: Good | BX17: Good | BY17: Good | BZ17: Good | CA17: Good | CB17: Good | CC17: Good | CD17: Good | CE17: Good | CF17: Good | CG17: Good | CH17: Good | CI17: Good | CJ17: Good | CK17: Good | CL17: Good | CM17: Good | CN17: Good | CO17: Good | CP17: Good | CQ17: Good | CR17: Good | CS17: Good | CT17: Good | CU17: Good | CV17: Good | CW17: Good | CX17: Good | CY17: Good | CZ17: Good | DA17: Good | DB17: Good | DC17: Good | DD17: Good | DE17: Bad | DF17: Good | DG17: Good | DH17: Good | DI17: Good | DJ17: Good | DK17: Good | DL17: Good | DM17: Good | DN17: Good | DO17: Good | DP17: Good | DQ17: Good | DR17: Good | DS17: Good | DT17: Good | DU17: Good | DV17: Good | DW17: Good | DX17: Good | DY17: Good | DZ17: Good | EA17: Good | EB17: Good | EC17: Good | ED17: Good | EE17: Good | EF17: Good | EG17: Good | EH17: Good | EI17: Good | EJ17: Good | EK17: Good | EL17: Good | EM17: Good | EN17: Good | EO17: Good | EP17: Good | EQ17: Good | ER17: Good | ES17: Good | ET17: Good | EU17: Good | EV17: Good | EW17: Good | EX17: Good | EY17: Good | EZ17: Good | FA17: Good | FB17: Good | FC17: Good | FD17: Good | FE17: Good | FF17: Good | FG17: Good | FH17: Good | FI17: Good | FJ17: Good | FK17: Good | FL17: Good | FM17: Good | FN17: Good | FO17: Good | FP17: Good | FQ17: Good | FR17: Good | FS17: Good | FT17: Good | FU17: Good | FV17: Good | FW17: Good | FX17: Good | FY17: Good | FZ17: Good | GA17: Good | GB17: Good | GC17: Good | GD17: Good | GE17: Bad | GF17: Good | GG17: Good | GH17: Good | GI17: Good | GJ17: Good
A18: MORPC_031 | B18: Good | C18: Good | D18: Good | E18: Good | F18: Good | G18: Good | H18: Good | I18: Good | J18: Good | K18: Good | L18: Maybe | M18: Good | N18: Good | O18: Good | P18: Good | Q18: Good | R18: Good | S18: Good | T18: Good | U18: Good | V18: Good | W18: Good | X18: Good | Y18: Good | Z18: Good | AA18: Good | AB18: Good | AC18: Good | AD18: Good | AE18: Good | AF18: Good | AG18: Good | AH18: Good | AI18: Good | AJ18: Good | AK18: Good | AL18: Good | AM18: Good | AN18: Good | AO18: Good | AP18: Good | AQ18: Good | AR18: Good | AS18: Good | AT18: Good | AU18: Good | AV18: Good | AW18: Good | AX18: Good | AY18: Good | AZ18: Good | BA18: Good | BB18: Good | BC18: Good | BD18: Good | BE18: Good | BF18: Good | BG18: Bad | BH18: Good | BI18: Good | BJ18: Good | BK18: Good | BL18: Good | BM18: Good | BN18: Good | BO18: Good | BP18: Good | BQ18: Good | BR18: Good | BS18: Good | BT18: Good | BU18: Good | BV18: Good | BW18: Good | BX18: Good | BY18: Good | BZ18: Good | CA18: Good | CB18: Good | CC18: Good | CD18: Good | CE18: Good | CF18: Good | CG18: Good | CH18: Good | CI18: Good | CJ18: Good | CK18: Good | CL18: Good | CM18: Good | CN18: Good | CO18: Good | CP18: Good | CQ18: Good | CR18: Good | CS18: Good | CT18: Good | CU18: Good | CV18: Good | CW18: Good | CX18: Good | CY18: Good | CZ18: Good | DA18: Good | DB18: Good | DC18: Good | DD18: Good | DE18: Good | DF18: Good | DG18: Good | DH18: Good | DI18: Good | DJ18: Good | DK18: Good | DL18: Good | DM18: Good | DN18: Good | DO18: Good | DP18: Good | DQ18: Good | DR18: Good | DS18: Good | DT18: Good | DU18: Good | DV18: Good | DW18: Good | DX18: Good | DY18: Bad | DZ18: Bad | EA18: Bad | EB18: Removed | EC18: Removed | ED18: Removed | EE18: Removed | EF18: Removed | EG18: Removed | EH18: Removed | EI18: Removed | EJ18: Removed | EK18: Removed | EL18: Removed | EM18: Removed | EN18: Removed | EO18: Removed | EP18: Removed | EQ18: Removed | ER18: Removed | ES18: Removed | ET18: Removed | EU18: Removed | EV18: Removed | EW18: Removed | EX18: Removed | EY18: Removed | EZ18: Removed | FA18: Removed | FB18: Removed | FC18: Removed | FD18: Removed | FE18: Removed | FF18: Removed | FG18: Removed | FH18: Removed | FI18: Removed | FJ18: Removed | FK18: Removed | FL18: Removed | FM18: Removed | FN18: Removed | FO18: Removed | FP18: Removed | FQ18: Removed | FR18: Removed | FS18: Removed | FT18: Removed | FU18: Removed | FV18: Removed
A19: MORPC_032 | BI19: Good | BJ19: Good | BK19: Good | BL19: Good | BM19: Good | BN19: Good | BO19: Good | BP19: Good | BQ19: Good | BR19: Good | BS19: Good | BT19: Good | BU19: Good | BV19: Good | BW19: Good | BX19: Good | BY19: Good | BZ19: Good | CA19: Good | CB19: Good | CC19: Good | CD19: Good | CE19: Good | CF19: Good | CG19: Good | CH19: Good | CI19: Good | CJ19: Good | CK19: Good | CL19: Good | CM19: Good | CN19: Good | CO19: Good | CP19: Good | CQ19: Maybe | CR19: Maybe | CS19: Maybe | CT19: Maybe | CU19: Maybe | CV19: Maybe | CW19: Maybe | CX19: Maybe | CY19: Maybe | CZ19: Bad | DA19: Bad | DB19: Bad | DC19: Bad | DD19: Bad | DE19: Bad | DF19: Bad | DG19: Bad | DH19: Bad | DI19: Bad | DJ19: Bad | DK19: Bad | DL19: Maybe | DM19: Good | DN19: Good | DO19: Good | DP19: Good | DQ19: Good | DR19: Good | DS19: Bad | DT19: Bad | DU19: Bad | DV19: Bad | DW19: Bad | DX19: Bad | DY19: Bad | DZ19: Bad | EA19: Bad | EB19: Bad | EC19: Bad | ED19: Bad | EE19: Bad | EF19: Bad | EG19: Bad | EH19: Bad | EI19: Bad | EJ19: Bad | EK19: Bad | EL19: Bad | EM19: Bad | EN19: Bad | EO19: Bad | EP19: Bad | EQ19: Bad | ER19: Bad | ES19: Bad | ET19: Bad | EU19: Bad | EV19: Bad | EW19: Bad | EX19: Bad | EY19: Bad | EZ19: Bad | FA19: Bad | FB19: Bad | FC19: Bad | FD19: Bad | FE19: Bad | FF19: Bad | FG19: Bad | FH19: Bad | FI19: Bad | FJ19: Bad | FK19: Bad | FL19: Bad | FM19: Bad | FN19: Bad | FO19: Bad | FP19: Bad | FQ19: Bad | FR19: Bad | FS19: Bad | FT19: Bad | FU19: Bad | FV19: Bad | FW19: Bad | FX19: Bad | FY19: Bad | FZ19: Bad | GA19: Bad | GB19: Bad | GC19: Bad | GD19: Bad | GE19: Bad | GF19: Bad | GG19: Bad | GH19: Bad | GI19: Bad | GJ19: Bad
A20: MORPC_032 | B20: Good | C20: Good | D20: Good | E20: Good | F20: Good | G20: Good | H20: Good | I20: Good | J20: Good | K20: Good | L20: Good | M20: Good | N20: Good | O20: Good | P20: Good | Q20: Good | R20: Good | S20: Good | T20: Good | U20: Good | V20: Good | W20: Good | X20: Good | Y20: Good | Z20: Good | AA20: Good | AB20: Good | AC20: Good | AD20: Good | AE20: Good | AF20: Good | AG20: Good | AH20: Good | AI20: Good | AJ20: Good | AK20: Good | AL20: Good | AM20: Good | AN20: Good | AO20: Good | AP20: Good | AQ20: Good | AR20: Good | AS20: Good | AT20: Good | AU20: Bad | AV20: Bad | AW20: Bad | AX20: Bad | AY20: Bad | AZ20: Bad | BA20: Bad | BB20: Bad | BC20: Bad | BD20: Bad | BE20: Bad | BF20: Bad | BG20: Bad | BH20: Bad
A21: MORPC_033 | B21: Good | C21: Good | D21: Good | E21: Good | F21: Good | G21: Good | H21: Good | I21: Maybe | J21: Bad | K21: Bad | L21: Good | M21: Good | N21: Good | O21: Good | P21: Good | Q21: Good | R21: Good | S21: Good | T21: Good | U21: Good | V21: Good | W21: Good | X21: Good | Y21: Good | Z21: Good | AA21: Good | AB21: Good | AC21: Good | AD21: Good | AE21: Good | AF21: Good | AG21: Good | AH21: Good | AI21: Good | AJ21: Good | AK21: Good | AL21: Good | AM21: Good | AN21: Good | AO21: Good | AP21: Good | AQ21: Good | AR21: Good | AS21: Good | AT21: Good | AU21: Good | AV21: Good | AW21: Good | AX21: Good | AY21: Good | AZ21: Good | BA21: Good | BB21: Good | BC21: Good | BD21: Good | BE21: Good | BF21: Good | BG21: Good | BH21: Good | BI21: Good | BJ21: Good | BK21: Good | BL21: Good | BM21: Good | BN21: Good | BO21: Good | BP21: Good | BQ21: Good | BR21: Good | BS21: Good | BT21: Good | BU21: Good | BV21: Good | BW21: Good | BX21: Good | BY21: Good | BZ21: Good | CA21: Good | CB21: Good | CC21: Good | CD21: Good | CE21: Good | CF21: Good | CG21: Good | CH21: Good | CI21: Good | CJ21: Good | CK21: Good | CL21: Good | CM21: Good | CN21: Maybe | CO21: Good | CP21: Good | CQ21: Maybe | CR21: Maybe | CS21: Maybe | CT21: Maybe | CU21: Maybe | CV21: Maybe | CW21: Maybe | CX21: Maybe | CY21: Maybe | CZ21: Maybe | DA21: Maybe | DB21: Maybe | DC21: Maybe | DD21: Maybe | DE21: Bad | DF21: Removed | DG21: Removed | DH21: Removed | DI21: Removed | DJ21: Removed | DK21: Removed | DL21: Removed | DM21: Removed | DN21: Removed | DO21: Removed | DP21: Removed | DQ21: Removed | DR21: Removed | DS21: Removed | DT21: Removed | DU21: Removed | DV21: Removed | DW21: Removed | DX21: Removed | DY21: Removed | DZ21: Removed | EA21: Removed | EB21: Removed | EC21: Removed | ED21: Removed | EE21: Removed | EF21: Removed | EG21: Removed | EH21: Removed | EI21: Removed | EJ21: Removed | EK21: Removed | EL21: Removed | EM21: Removed | EN21: Removed | EO21: Removed | EP21: Removed | EQ21: Removed | ER21: Removed | ES21: Removed | ET21: Removed | EU21: Removed | EV21: Removed | EW21: Removed | EX21: Removed | EY21: Removed | EZ21: Removed | FA21: Removed | FB21: Removed | FC21: Removed | FD21: Removed | FE21: Removed | FF21: Removed | FG21: Removed | FH21: Removed | FI21: Removed | FJ21: Removed | FK21: Removed | FL21: Removed | FM21: Removed | FN21: Removed | FO21: Removed | FP21: Removed | FQ21: Removed | FR21: Removed | FS21: Removed | FT21: Removed | FU21: Removed | FV21: Removed | FW21: Removed | FX21: Removed | FY21: Removed | FZ21: Removed | GA21: Removed | GB21: Removed
A22: MORPC_034 | B22: Good | C22: Good | D22: Good | E22: Good | F22: Maybe | G22: Good | H22: Good | I22: Good | J22: Good | K22: Good | L22: Good | M22: Good | N22: Good | O22: Maybe | P22: Good | Q22: Good | R22: Maybe | S22: Maybe | T22: Good | U22: Good | V22: Good | W22: Maybe | X22: Good | Y22: Good | Z22: Good | AA22: Good | AB22: Good | AC22: Good | AD22: Good | AE22: Bad | AF22: Bad | AG22: Bad
A23: MORPC_035 | B23: Good | C23: Good | D23: Good | E23: Good | F23: Good | G23: Good | H23: Good | I23: Good | J23: Good | K23: Good | L23: Good | M23: Good | N23: Good | O23: Good | P23: Good | Q23: Good | R23: Good | S23: Maybe | T23: Good | U23: Good | V23: Good | W23: Good | X23: Good | Y23: Good | Z23: Good | AA23: Good | AB23: Good | AC23: Good | AD23: Good | AE23: Good | AF23: Good | AG23: Good | AH23: Good | AI23: Good | AJ23: Good | AK23: Good | AL23: Good | AM23: Good | AN23: Good | AO23: Good | AP23: Good | AQ23: Good | AR23: Good | AS23: Good | AT23: Good | AU23: Good | AV23: Good | AW23: Good | AX23: Good | AY23: Good | AZ23: Good | BA23: Good | BB23: Good | BC23: Good | BD23: Good | BE23: Good | BF23: Good | BG23: Good | BH23: Good | BI23: Good | BJ23: Good | BK23: Good | BL23: Good | BM23: Good | BN23: Good | BO23: Good | BP23: Good | BQ23: Good | BR23: Good | BS23: Good | BT23: Good | BU23: Good | BV23: Good | BW23: Good | BX23: Good | BY23: Good | BZ23: Good | CA23: Good | CB23: Good | CC23: Good | CD23: Good | CE23: Good | CF23: Good | CG23: Good | CH23: Good | CI23: Good | CJ23: Good | CK23: Good | CL23: Good | CM23: Good | CN23: Good | CO23: Good | CP23: Good | CQ23: Good | CR23: Good | CS23: Good | CT23: Good | CU23: Good | CV23: Good | CW23: Good | CX23: Good | CY23: Good | CZ23: Good | DA23: Good | DB23: Good | DC23: Good | DD23: Good | DE23: Good | DF23: Good | DG23: Good | DH23: Good | DI23: Good | DJ23: Good | DK23: Good | DL23: Good | DM23: Good | DN23: Good | DO23: Maybe | DP23: Good | DQ23: Good | DR23: Good | DS23: Good | DT23: Good | DU23: Good | DV23: Good | DW23: Good | DX23: Good | DY23: Good | DZ23: Good | EA23: Good | EB23: Good | EC23: Good | ED23: Good | EE23: Good | EF23: Good | EG23: Good | EH23: Good | EI23: Good | EJ23: Good | EK23: Good | EL23: Good | EM23: Good | EN23: Good | EO23: Good | EP23: Good | EQ23: Good | ER23: Good | ES23: Good | ET23: Good | EU23: Good | EV23: Good | EW23: Good | EX23: Good | EY23: Good | EZ23: Good | FA23: Good | FB23: Good | FC23: Good | FD23: Good | FE23: Good | FF23: Bad | FG23: Good | FH23: Good | FI23: Good | FJ23: Good | FK23: Good | FL23: Good | FM23: Good | FN23: Good | FO23: Good | FP23: Good | FQ23: Bad | FR23: Bad | FS23: Bad | FT23: Bad | FU23: Bad | FV23: Bad | FW23: Bad | FX23: Bad | FY23: Bad | FZ23: Bad | GA23: Bad | GB23: Bad | GC23: Bad | GD23: Bad | GE23: Bad | GF23: Good | GG23: Good | GH23: Good | GI23: Good | GJ23: Good
A24: MORPC_036 | B24: Good | C24: Good | D24: Good | E24: Good | F24: Good | G24: Good | H24: Good | I24: Good | J24: Good | K24: Good | L24: Good | M24: Good | N24: Good | O24: Good | P24: Good | Q24: Good | R24: Good | S24: Good | T24: Good | U24: Good | V24: Good | W24: Good | X24: Good | Y24: Good | Z24: Good | AA24: Maybe | AB24: Maybe | AC24: Maybe | AD24: Maybe | AE24: Maybe | AF24: Maybe | AG24: Bad | AH24: Bad | AI24: Bad | AJ24: Bad | AK24: Bad | AL24: Bad | AM24: Bad | AN24: Bad | AO24: Bad | AP24: Bad | AQ24: Bad | AR24: Bad | AS24: Bad | AT24: Bad | AU24: Bad | AV24: Bad | AW24: Bad | AX24: Bad | AY24: Bad | AZ24: Bad | BA24: Bad | BB24: Bad | BC24: Bad | BD24: Bad | BE24: Bad | BF24: Bad | BG24: Bad | BH24: Bad | BI24: Bad | BJ24: Bad | BK24: Bad | BL24: Bad | BM24: Bad | BN24: Bad | BO24: Bad | BP24: Bad | BQ24: Bad | BR24: Bad | BS24: Bad | BT24: Bad | BU24: Bad | BV24: Bad | BW24: Bad | BX24: Bad | BY24: Bad | BZ24: Bad | CA24: Bad | CB24: Bad | CC24: Bad | CD24: Bad | CE24: Bad | CF24: Bad | CG24: Bad | CH24: Bad | CI24: Bad | CJ24: Bad | CK24: Bad | CL24: Bad | CM24: Bad | CN24: Bad | CO24: Bad | CP24: Maybe | CQ24: Maybe | CR24: Maybe | CS24: Maybe | CT24: Maybe | CU24: Maybe | CV24: Maybe | CW24: Maybe | CX24: Maybe | CY24: Bad | CZ24: Maybe | DA24: Maybe | DB24: Maybe | DC24: Maybe | DD24: Bad | DE24: Bad | DF24: Removed | DG24: Removed | DH24: Removed | DI24: Removed | DJ24: Removed | DK24: Removed | DL24: Removed | DM24: Removed | DN24: Removed | DO24: Removed | DP24: Removed | DQ24: Removed | DR24: Removed | DS24: Removed | DT24: Removed | DU24: Removed | DV24: Removed | DW24: Removed | DX24: Removed | DY24: Removed | DZ24: Removed | EA24: Removed | EB24: Removed | EC24: Removed | ED24: Removed | EE24: Removed | EF24: Removed | EG24: Removed | EH24: Removed | EI24: Removed | EJ24: Removed | EK24: Removed | EL24: Removed | EM24: Removed | EN24: Removed | EO24: Removed | EP24: Removed | EQ24: Removed | ER24: Removed | ES24: Removed | ET24: Removed | EU24: Removed | EV24: Removed | EW24: Removed | EX24: Removed | EY24: Removed | EZ24: Removed | FA24: Removed | FB24: Removed | FC24: Removed | FD24: Removed | FE24: Removed | FF24: Removed | FG24: Removed | FH24: Removed | FI24: Removed | FJ24: Removed | FK24: Removed | FL24: Removed | FM24: Removed | FN24: Removed | FO24: Removed | FP24: Good | FQ24: Removed | FR24: Removed | FS24: Removed | FT24: Removed | FU24: Removed | FV24: Removed
A25: MORPC_037 | B25: Good | C25: Good | D25: Good | E25: Good | F25: Good | G25: Good | H25: Good | I25: Good | J25: Good | K25: Good | L25: Good | M25: Good | N25: Good | O25: Good | P25: Maybe | Q25: Good | R25: Maybe | S25: Good | T25: Good | U25: Good | V25: Good | W25: Good | X25: Good | Y25: Good | Z25: Good | AA25: Good | AB25: Good | AC25: Good | AD25: Good | AE25: Good | AF25: Good | AG25: Good | AH25: Good | AI25: Good | AJ25: Good | AK25: Good | AL25: Good | AM25: Good | AN25: Good | AO25: Good | AP25: Good | AQ25: Good | AR25: Good | AS25: Good | AT25: Good | AU25: Good | AV25: Good | AW25: Good | AX25: Bad | AY25: Good | AZ25: Good | BA25: Good | BB25: Good | BC25: Good | BD25: Good | BE25: Good | BF25: Good | BG25: Good | BH25: Good | BI25: Good | BJ25: Good | BK25: Good | BL25: Good | BM25: Good | BN25: Good | BO25: Good | BP25: Good | BQ25: Good | BR25: Good | BS25: Good | BT25: Good | BU25: Good | BV25: Good | BW25: Good | BX25: Good | BY25: Good | BZ25: Good | CA25: Good | CB25: Good | CC25: Good | CD25: Good | CE25: Good | CF25: Good | CG25: Good | CH25: Good | CI25: Good | CJ25: Good | CK25: Good | CL25: Good | CM25: Good | CN25: Good | CO25: Good | CP25: Good | CQ25: Good | CR25: Good | CS25: Good | CT25: Good | CU25: Good | CV25: Good | CW25: Good | CX25: Good | CY25: Good | CZ25: Good | DA25: Good | DB25: Good | DC25: Good | DD25: Good | DE25: Good | DF25: Good | DG25: Good | DH25: Good | DI25: Good | DJ25: Good | DK25: Good | DL25: Good | DM25: Good | DN25: Good | DO25: Good | DP25: Good | DQ25: Good | DR25: Good | DS25: Good | DT25: Good | DU25: Good | DV25: Good | DW25: Good | DX25: Good | DY25: Good | DZ25: Good | EA25: Good | EB25: Good | EC25: Good | ED25: Good | EE25: Good | EF25: Good | EG25: Good | EH25: Good | EI25: Good | EJ25: Good | EK25: Good | EL25: Good | EM25: Good | EN25: Good | EO25: Good | EP25: Good | EQ25: Good | ER25: Good | ES25: Good | ET25: Good | EU25: Good | EV25: Good | EW25: Bad | EX25: Good | EY25: Good | EZ25: Good | FA25: Good | FB25: Good | FC25: Good | FD25: Good | FE25: Good | FF25: Good | FG25: Good | FH25: Good | FI25: Good | FJ25: Good | FK25: Good | FL25: Good | FM25: Good | FN25: Good | FO25: Good | FP25: Good | FQ25: Good | FR25: Good | FS25: Good | FT25: Good | FU25: Good | FV25: Good | FW25: Good | FX25: Good | FY25: Good | FZ25: Good | GA25: Good | GB25: Good | GC25: Good | GD25: Good | GE25: Good | GF25: Good | GG25: Good | GH25: Good | GI25: Good | GJ25: Good
A26: MORPC_038 | B26: Bad | C26: Good | D26: Good | E26: Good | F26: Good | G26: Good | H26: Good | I26: Good | J26: Good | K26: Good | L26: Bad | M26: Bad | N26: Bad | O26: Bad | P26: Bad | Q26: Maybe | R26: Bad | S26: Good | T26: Maybe | U26: Good | V26: Good | W26: Good | X26: Good | Y26: Good | Z26: Good | AA26: Good | AB26: Good | AC26: Good | AD26: Good | AE26: Good | AF26: Good | AG26: Good | AH26: Good | AI26: Good | AJ26: Good | AK26: Bad | AL26: Good | AM26: Good | AN26: Good | AO26: Good | AP26: Bad | AQ26: Bad | AR26: Bad | AS26: Bad | AT26: Bad | AU26: Bad | AV26: Bad | AW26: Good | AX26: Bad | AY26: Good | AZ26: Good | BA26: Good | BB26: Good | BC26: Bad | BD26: Good | BE26: Good | BF26: Good | BG26: Good | BH26: Good | BI26: Good | BJ26: Good | BK26: Good | BL26: Bad | BM26: Good | BN26: Good | BO26: Bad | BP26: Good | BQ26: Good | BR26: Bad | BS26: Bad | BT26: Bad | BU26: Bad | BV26: Good | BW26: Good | BX26: Good | BY26: Good | BZ26: Good | CA26: Good | CB26: Good | CC26: Good | CD26: Good | CE26: Good | CF26: Good | CG26: Good | CH26: Good | CI26: Good | CJ26: Good | CK26: Good | CL26: Good | CM26: Bad | CN26: Good | CO26: Good | CP26: Good | CQ26: Good | CR26: Good | CS26: Good | CT26: Good | CU26: Good | CV26: Good | CW26: Good | CX26: Good | CY26: Good | CZ26: Good | DA26: Good | DB26: Good | DC26: Good | DD26: Bad | DE26: Bad | DF26: Bad | DG26: Good | DH26: Good | DI26: Good | DJ26: Good | DK26: Good | DL26: Good | DM26: Good | DN26: Good | DO26: Bad | DP26: Good | DQ26: Good | DR26: Good | DS26: Bad | DT26: Good | DU26: Good | DV26: Good | DW26: Good | DX26: Good | DY26: Bad | DZ26: Good | EA26: Good | EB26: Bad | EC26: Good | ED26: Good | EE26: Good | EF26: Good | EG26: Good | EH26: Good | EI26: Bad | EJ26: Bad | EK26: Bad | EL26: Bad | EM26: Bad | EN26: Bad | EO26: Bad | EP26: Bad | EQ26: Bad | ER26: Bad | ES26: Bad | ET26: Bad | EU26: Bad | EV26: Bad | EW26: Bad | EX26: Bad | EY26: Bad | EZ26: Bad | FA26: Bad | FB26: Bad | FC26: Bad | FD26: Bad | FE26: Bad | FF26: Bad | FG26: Bad | FH26: Bad | FI26: Bad | FJ26: Bad | FK26: Bad | FL26: Bad | FM26: Bad | FN26: Bad | FO26: Bad | FP26: Bad | FQ26: Bad | FR26: Bad | FS26: Bad | FT26: Bad | FU26: Bad | FV26: Bad | FW26: Bad | FX26: Bad | FY26: Bad | FZ26: Bad | GA26: Bad | GB26: Bad
A27: MORPC_039 | B27: Good | C27: Good | D27: Good | E27: Good | F27: Good | G27: Good | H27: Good | I27: Good | J27: Good | K27: Good | L27: Good | M27: Good | N27: Good | O27: Good | P27: Good | Q27: Good | R27: Good | S27: Good | T27: Good | U27: Good | V27: Bad | W27: Bad | X27: Bad | Y27: Bad | Z27: Bad | AA27: Good | AB27: Good | AC27: Good | AD27: Good | AE27: Good | AF27: Good | AG27: Good | AH27: Good | AI27: Good | AJ27: Good | AK27: Good | AL27: Good | AM27: Good | AN27: Good | AO27: Good | AP27: Good | AQ27: Good | AR27: Good | AS27: Good | AT27: Good | AU27: Good | AV27: Good | AW27: Good | AX27: Good | AY27: Good | AZ27: Good | BA27: Good | BB27: Good | BC27: Good | BD27: Good | BE27: Good | BF27: Good | BG27: Bad | BH27: Good | BI27: Good | BJ27: Good | BK27: Good | BL27: Good | BM27: Good | BN27: Good | BO27: Good | BP27: Good | BQ27: Good | BR27: Good | BS27: Good | BT27: Good | BU27: Good | BV27: Good | BW27: Good | BX27: Good | BY27: Good | BZ27: Good | CA27: Good | CB27: Good | CC27: Good | CD27: Good | CE27: Good | CF27: Good | CG27: Good | CH27: Good | CI27: Good | CJ27: Good | CK27: Good | CL27: Good | CM27: Good | CN27: Good | CO27: Good | CP27: Good | CQ27: Good | CR27: Good | CS27: Good | CT27: Good | CU27: Good | CV27: Good | CW27: Good | CX27: Good | CY27: Good | CZ27: Good | DA27: Good | DB27: Good | DC27: Good | DD27: Good | DE27: Good | DF27: Good | DG27: Good | DH27: Good | DI27: Good | DJ27: Good | DK27: Good | DL27: Good | DM27: Good | DN27: Good | DO27: Good | DP27: Good | DQ27: Good | DR27: Good | DS27: Good | DT27: Good | DU27: Good | DV27: Good | DW27: Bad | DX27: Bad | DY27: Bad | DZ27: Bad | EA27: Good | EB27: Good | EJ27: Maybe | EK27: Good | EL27: Good | EM27: Good | EN27: Good | EO27: Good | EP27: Good | EQ27: Good | ER27: Good | ES27: Good | ET27: Good | EU27: Good | EV27: Good | EW27: Good | EX27: Good | EY27: Good | EZ27: Good | FA27: Good | FB27: Good | FC27: Good | FD27: Good | FE27: Good | FF27: Good | FG27: Good | FH27: Good | FI27: Good | FJ27: Good | FK27: Good | FL27: Good | FM27: Good | FN27: Good | FO27: Good | FP27: Good | FQ27: Good | FR27: Good | FS27: Good | FT27: Good | FU27: Good | FV27: Good | FW27: Good | FX27: Bad | FY27: Bad | FZ27: Bad | GA27: Bad | GB27: Bad | GC27: Good | GD27: Good | GE27: Good | GF27: Good | GG27: Good | GH27: Good | GI27: Good | GJ27: Good
A28: MORPC_040 | B28: Good | C28: Good | D28: Good | E28: Good | F28: Good | G28: Good | H28: Good | I28: Good | J28: Good | K28: Good | L28: Good | M28: Good | N28: Good | O28: Good | P28: Maybe | Q28: Good | R28: Good | S28: Good | T28: Good | U28: Good | V28: Good | W28: Good | X28: Good | Y28: Good | Z28: Good | AA28: Good | AB28: Good | AC28: Good | AD28: Maybe | AE28: Maybe | AF28: Good | AG28: Good | AH28: Good | AI28: Good | AJ28: Good | AK28: Good | AL28: Good | AM28: Good | AN28: Maybe | AO28: Good | AP28: Good | AQ28: Good | AR28: Good | AS28: Good | AT28: Good | AU28: Good | AV28: Good | AW28: Good | AX28: Good | AY28: Good | AZ28: Good | BA28: Good | BB28: Good | BC28: Good | BD28: Good | BE28: Good | BF28: Good | BG28: Good | BH28: Good | BI28: Good | BJ28: Good | BK28: Good | BL28: Good | BM28: Good | BN28: Good | BO28: Good | BP28: Good | BQ28: Good | BR28: Good | BS28: Good | BT28: Good | BU28: Good | BV28: Good | BW28: Good | BX28: Good | BY28: Good | BZ28: Good | CA28: Good | CB28: Good | CC28: Good | CD28: Good | CE28: Good | CF28: Good | CG28: Good | CH28: Good | CI28: Good | CJ28: Good | CK28: Good | CL28: Good | CM28: Good | CN28: Good | CO28: Good | CP28: Good | CQ28: Good | CR28: Good | CS28: Good | CT28: Good | CU28: Good | CV28: Good | CW28: Good | CX28: Good | CY28: Good | CZ28: Good | DA28: Good | DB28: Bad | DC28: Bad | DD28: Good | DE28: Good | DF28: Good | DG28: Good | DH28: Good | DI28: Good | DJ28: Good | DK28: Good | DL28: Maybe | DM28: Good | DN28: Good | DO28: Good | DP28: Good | DQ28: Good | DR28: Good | DS28: Good | DT28: Good | DU28: Good | DV28: Good | DW28: Good | DX28: Good | DY28: Bad | DZ28: Good | EA28: Good | EB28: Bad | EC28: Good | ED28: Good | EE28: Good | EF28: Good | EG28: Good | EH28: Bad | EI28: Bad | EJ28: Good | EK28: Good | EL28: Good | EM28: Good | EN28: Good | EO28: Good | EP28: Good | EQ28: Good | ER28: Good | ES28: Good | ET28: Good | EU28: Good | EV28: Good | EW28: Good | EX28: Good | EY28: Good | EZ28: Good | FA28: Good | FB28: Good | FC28: Good | FD28: Good | FE28: Good | FF28: Good | FG28: Good | FH28: Good | FI28: Good | FJ28: Good | FK28: Good | FL28: Good | FM28: Good | FN28: Good | FO28: Good | FP28: Maybe | FQ28: Good | FR28: Good | FS28: Good | FT28: Maybe | FU28: Maybe | FV28: Maybe | FW28: Maybe | FX28: Good | FY28: Good | FZ28: Good | GA28: Good | GB28: Good | GC28: Good | GD28: Good | GE28: Good | GF28: Good | GG28: Good | GH28: Good | GI28: Good | GJ28: Good
A29: MORPC_010 | FX29: Good | FY29: Good | FZ29: Good | GA29: Good | GB29: Good
A30: MORPC_015 | FX30: Good | FY30: Good | FZ30: Good | GA30: Good | GB30: Good
A31: MORPC_016 | FX31: Good | FY31: Good | FZ31: Good | GA31: Good | GB31: Good
A32: MORPC_018 | FX32: Good | FY32: Good | FZ32: Good | GA32: Good | GB32: Good
A33: MORPC_020 | FX33: Good | FY33: Good | FZ33: Good | GA33: Good | GB33: Good
A34: MORPC_021 | FX34: Good | FY34: Good | FZ34: Good | GA34: Good | GB34: Good
A35: MORPC_003 | FX35: Good | FY35: Good | FZ35: Good | GA35: Good | GB35: Good
A36: MORPC_050 | DL36: Good | DM36: Good | DN36: Good | DO36: Good | DP36: Good | DQ36: Good | DR36: Good | DS36: Good | DT36: Good | DU36: Good | DV36: Good | DW36: Good | DX36: Good | DY36: Good | DZ36: Good | EA36: Good | EB36: Good | EC36: Good | ED36: Good | EE36: Good | EF36: Good | EG36: Good | EH36: Good | EI36: Good | EJ36: Good | EK36: Good | EL36: Good | EM36: Good | EN36: Good | EO36: Good | EP36: Good | EQ36: Good | ER36: Good | ES36: Good | ET36: Good | EU36: Good | EV36: Good | EW36: Good | EX36: Good | EY36: Good | EZ36: Good | FA36: Good | FB36: Good | FC36: Good | FD36: Good | FE36: Good | FF36: Good | FG36: Good | FH36: Good | FI36: Good | FJ36: Good | FK36: Good | FL36: Good | FM36: Good | FN36: Good | FO36: Good | FP36: Good | FQ36: Good | FR36: Good | FS36: Good | FT36: Good | FU36: Good | FV36: Good | FW36: Good | FX36: Good | FY36: Good | FZ36: Good | GA36: Good | GB36: Good | GC36: Good | GD36: Good | GE36: Good | GF36: Good | GG36: Good | GH36: Good | GI36: Good | GJ36: Good
A37: MORPC_051 | DN37: Good | DO37: Good | DP37: Good | DQ37: Good | DR37: Good | DS37: Good | DT37: Good | DU37: Good | DV37: Good | DW37: Good | DX37: Bad | DY37: Good | DZ37: Removed | EA37: Removed | EB37: Removed | EC37: Removed | ED37: Removed | EE37: Removed | EF37: Removed | EG37: Removed | EH37: Removed | EI37: Removed | EJ37: Removed | EK37: Removed | EL37: Removed | EM37: Removed | EN37: Removed | EO37: Removed | EP37: Removed | EQ37: Removed | ER37: Removed | ES37: Removed | ET37: Removed | EU37: Removed | EV37: Removed | EW37: Removed | EX37: Removed | EY37: Removed | EZ37: Removed | FA37: Removed | FB37: Removed | FC37: Good | FD37: Good | FE37: Good | FF37: Good | FG37: Good | FH37: Good | FI37: Good | FJ37: Good | FK37: Good | FL37: Good | FM37: Good | FN37: Good | FO37: Good | FP37: Good | FQ37: Good | FR37: Good | FS37: Good | FT37: Good | FU37: Good | FV37: Good | FW37: Good | FX37: Good | FY37: Good | FZ37: Good | GA37: Good | GB37: Good | GC37: Good | GD37: Good | GE37: Good | GF37: Good | GG37: Good | GH37: Good | GI37: Good | GJ37: Good
A38: MORPC_052 | DZ38: Good | EA38: Good | EB38: Good | EC38: Good | ED38: Good | EE38: Good | EF38: Good | EG38: Good | EH38: Good | EI38: Bad | EJ38: Bad | EK38: Bad | EL38: Bad | EM38: Bad | EN38: Bad | EO38: Bad | EP38: Bad | EQ38: Bad | ER38: Bad | ES38: Bad | ET38: Bad | EU38: Bad | EV38: Maybe | EW38: Maybe | EX38: Bad | EY38: Bad | EZ38: Bad | FA38: Bad | FB38: Bad | FC38: Bad | FD38: Bad | FE38: Bad | FF38: Bad | FG38: Bad | FH38: Bad | FI38: Bad | FJ38: Bad | FK38: Bad | FL38: Bad | FM38: Bad | FN38: Bad | FO38: Bad | FP38: Bad | FQ38: Bad | FR38: Bad | FS38: Bad | FT38: Bad | FU38: Bad | FV38: Bad | FW38: Good | FX38: Good | FY38: Good | FZ38: Good | GA38: Good | GB38: Good | GC38: Good | GD38: Good | GE38: Good | GF38: Good | GG38: Good | GH38: Good | GI38: Good | GJ38: Good
A39: MORPC_053 | DP39: Good | DQ39: Good | DR39: Good | DS39: Good | DT39: Good | DU39: Good | DV39: Good | DW39: Good | DX39: Good | DY39: Good | DZ39: Good | EA39: Good | EB39: Good | EC39: Good | ED39: Good | EE39: Good | EF39: Good | EG39: Good | EH39: Good | EI39: Good | EJ39: Good | EK39: Good | EL39: Good | EM39: Good | EN39: Good | EO39: Good | EP39: Good | EQ39: Good | ER39: Good | ES39: Good | ET39: Good | EU39: Good | EV39: Good | EW39: Good | EX39: Good | EY39: Good | EZ39: Good | FA39: Good | FB39: Good | FC39: Good | FD39: Good | FE39: Good | FF39: Good | FG39: Good | FH39: Good | FI39: Good | FJ39: Good | FK39: Good | FL39: Good | FM39: Good | FN39: Good | FO39: Good | FP39: Good | FQ39: Good | FR39: Good | FS39: Good | FT39: Good | FU39: Good | FV39: Good | FW39: Good | FX39: Good | FY39: Good | FZ39: Good | GA39: Good | GB39: Good | GC39: Good | GD39: Good | GE39: Good | GF39: Good | GG39: Good | GH39: Good | GI39: Good | GJ39: Good
A40: MORPC_054 | DN40: Good | DO40: Good | DP40: Good | DQ40: Good | DR40: Good | DS40: Good | DT40: Good | DU40: Good | DV40: Good | DW40: Bad | DX40: Bad | DY40: Good | DZ40: Good | EA40: Good | EB40: Good | EC40: Good | ED40: Good | EE40: Good | EF40: Good | EG40: Good | EH40: Good | EI40: Good | EJ40: Good | EK40: Maybe | EL40: Maybe | EM40: Maybe | EN40: Maybe | EO40: Maybe | EP40: Maybe | EQ40: Bad | ER40: Maybe | ES40: Maybe | ET40: Maybe | EU40: Maybe | EV40: Maybe | EW40: Maybe | EX40: Bad | EY40: Bad | EZ40: Maybe | FA40: Good | FB40: Good | FC40: Maybe | FD40: Good | FE40: Good | FF40: Good | FG40: Good | FH40: Good | FI40: Maybe | FJ40: Good | FK40: Good | FL40: Good | FM40: Good | FN40: Bad | FO40: Good | FP40: Bad | FQ40: Good | FR40: Good | FS40: Good | FT40: Good | FU40: Good | FV40: Bad | FW40: Bad | FX40: Bad | FY40: Bad | FZ40: Bad | GA40: Bad | GB40: Bad | GC40: Bad | GD40: Bad | GE40: Bad | GF40: Good | GG40: Good | GH40: Good | GI40: Good | GJ40: Good
A41: MORPC_055 | DP41: Good | DQ41: Good | DR41: Good | DS41: Bad | DT41: Good | DU41: Good | DV41: Good | DW41: Good | DX41: Good | DY41: Good | DZ41: Bad | EA41: Good | EB41: Bad | EC41: Good | ED41: Good | EE41: Good | EF41: Good | EG41: Good | EH41: Good | EI41: Good | EJ41: Good | EK41: Good | EL41: Good | EO41: Bad | EP41: Bad | EQ41: Bad | ER41: Good | ES41: Good | ET41: Good | EU41: Good | EV41: Good | EW41: Good | EX41: Good | EY41: Good | EZ41: Good | FA41: Good | FB41: Good | FC41: Good | FD41: Good | FE41: Good | FF41: Good | FG41: Good | FH41: Good | FI41: Good | FJ41: Good | FK41: Good | FL41: Good | FM41: Good | FN41: Good | FO41: Good | FP41: Good | FQ41: Good | FR41: Good | FS41: Good | FT41: Maybe | FU41: Maybe | FV41: Bad | FW41: Good | FX41: Good | FY41: Good | FZ41: Good | GA41: Good | GB41: Good | GC41: Good | GD41: Good | GE41: Good | GF41: Good | GG41: Good | GH41: Good | GI41: Good | GJ41: Good
A42: MORPC_060 | DP42: Good | DQ42: Good | DR42: Good | DS42: Good | DT42: Good | DU42: Good | DV42: Good | DW42: Bad | DX42: Bad | DY42: Bad | DZ42: Bad | EA42: Bad | EB42: Good | EC42: Good | ED42: Good | EE42: Good | EF42: Good | EG42: Good | EH42: Bad | EI42: Bad | EJ42: Good | EK42: Good | EL42: Good | EM42: Good | EN42: Good | EO42: Good | EP42: Good | EQ42: Good | ER42: Good | ES42: Good | ET42: Good | EU42: Good | EV42: Good | EW42: Good | EX42: Good | EY42: Good | EZ42: Good | FA42: Good | FB42: Good | FC42: Good | FD42: Good | FE42: Good | FF42: Good | FG42: Good | FH42: Good | FI42: Good | FJ42: Good | FK42: Good | FL42: Good | FM42: Good | FN42: Good | FO42: Good | FP42: Good | FQ42: Good | FR42: Good | FS42: Good | FT42: Good | FU42: Good | FV42: Good | FW42: Good | FX42: Good | FY42: Good | FZ42: Good | GA42: Good | GB42: Good | GC42: Good | GD42: Good | GE42: Good | GF42: Good | GG42: Good | GH42: Good | GI42: Good | GJ42: Good
A43: MORPC_061 | EB43: Good | EC43: Good | ED43: Good | EE43: Good | EF43: Good | EG43: Good | EH43: Good | EI43: Good | EJ43: Good | EK43: Good | EL43: Good | EM43: Good | EN43: Good | EO43: Good | EP43: Bad | EQ43: Bad | ER43: Good | ES43: Good | ET43: Good | EU43: Good | EV43: Good | EW43: Good | EX43: Good | EY43: Good | EZ43: Good | FA43: Good | FB43: Good | FC43: Good | FD43: Good | FE43: Good | FF43: Good | FG43: Good | FH43: Good | FI43: Good | FJ43: Good | FK43: Good | FL43: Good | FM43: Good | FN43: Good | FO43: Good | FP43: Good | FQ43: Good | FR43: Good | FS43: Good | FT43: Good | FU43: Good | FV43: Good | FW43: Good | FX43: Good | FY43: Good | FZ43: Good | GA43: Good | GB43: Good | GC43: Good | GD43: Good | GE43: Good | GF43: Good | GG43: Good | GH43: Good | GI43: Good | GJ43: Good
A44: MORPC_062 | EC44: Good | ED44: Good | EE44: Good | EF44: Good | EG44: Good | EH44: Good | EI44: Good | EJ44: Good | EK44: Good | EL44: Good | EM44: Good | EN44: Good | EO44: Good | EP44: Good | EQ44: Good | ER44: Good | ES44: Good | ET44: Good | EU44: Good | EV44: Good | EW44: Good | EX44: Maybe | EY44: Good | EZ44: Good | FA44: Good | FB44: Good | FC44: Good | FD44: Good | FE44: Good | FF44: Good | FG44: Good | FH44: Good | FI44: Good | FJ44: Good | FK44: Good | FL44: Good | FM44: Good | FN44: Good | FO44: Good | FP44: Good | FQ44: Good | FR44: Good | FS44: Good | FT44: Good | FU44: Good | FV44: Good | FW44: Good | FX44: Good | FY44: Good | FZ44: Good | GA44: Good | GB44: Good | GC44: Good | GD44: Good | GE44: Good | GF44: Good | GG44: Good | GH44: Good | GI44: Good | GJ44: Good
A45: MORPC_063 | EF45: Good | EG45: Good | EH45: Good | EI45: Good | EJ45: Good | EK45: Good | EL45: Good | EM45: Good | EN45: Good | EO45: Good | EP45: Good | EQ45: Good | ER45: Good | ES45: Good | ET45: Good | EU45: Good | EV45: Good | EW45: Good | EX45: Good | EY45: Good | EZ45: Good | FA45: Good | FB45: Good | FC45: Good | FD45: Good | FE45: Good | FF45: Good | FG45: Good | FH45: Good | FI45: Good | FJ45: Good | FK45: Good | FL45: Good | FM45: Good | FN45: Good | FO45: Good | FP45: Good | FQ45: Good | FR45: Good | FS45: Good | FT45: Good | FU45: Good | FV45: Good | FW45: Good | FX45: Good | FY45: Good | FZ45: Good | GA45: Good | GB45: Good | GC45: Bad | GD45: Bad | GE45: Bad | GF45: Bad | GG45: Removed | GH45: Removed | GI45: Removed | GJ45: Removed
A46: MORPC_064 | EK46: Good | EL46: Good | EM46: Good | EN46: Good | EO46: Good | EP46: Good | EQ46: Good | ER46: Good | ES46: Good | ET46: Good | EU46: Good | EV46: Good | EW46: Good | EX46: Good | EY46: Good | EZ46: Good | FA46: Good | FB46: Good | FC46: Good | FD46: Good | FE46: Good | FF46: Good | FG46: Good | FH46: Good | FI46: Good | FJ46: Good | FK46: Good | FL46: Good | FM46: Good | FN46: Good | FO46: Good | FP46: Good | FQ46: Good | FR46: Good | FS46: Good | FT46: Good | FU46: Good | FV46: Good | FW46: Good | FX46: Good | FY46: Good | FZ46: Maybe | GA46: Maybe | GB46: Bad | GC46: Bad | GD46: Bad | GE46: Good | GF46: Good | GG46: Good | GH46: Good | GI46: Good | GJ46: Good
A47: MORPC_065 | EL47: Good | EM47: Good | EN47: Bad | EO47: Good | EP47: Good | EQ47: Good | ER47: Good | ES47: Good | ET47: Good | EU47: Good | EV47: Good | EW47: Good | EX47: Good | EY47: Good | EZ47: Good | FA47: Good | FB47: Good | FC47: Good | FD47: Good | FE47: Good | FF47: Good | FG47: Good | FH47: Good | FI47: Good | FJ47: Good | FK47: Good | FL47: Good | FM47: Good | FN47: Good | FO47: Good | FP47: Good | FQ47: Good | FR47: Good | FS47: Removed | FT47: Removed | FU47: Removed | FV47: Removed | FW47: Removed | FX47: Removed | FY47: Removed | FZ47: Removed | GA47: Removed | GB47: Removed
A48: MORPC_066 | EO48: Good | EP48: Good | EQ48: Good | ER48: Good | ES48: Bad | ET48: Good | EU48: Good | EV48: Good | EW48: Good | EX48: Good | EY48: Good | EZ48: Bad | FA48: Good | FB48: Good | FC48: Good | FD48: Good | FE48: Good | FF48: Good | FG48: Good | FH48: Good | FI48: Good | FJ48: Good | FK48: Good | FL48: Good | FM48: Good | FN48: Good | FO48: Good | FP48: Good | FQ48: Good | FR48: Good | FS48: Good | FT48: Good | FU48: Good | FV48: Good | FW48: Good | FX48: Good | FY48: Good | FZ48: Good | GA48: Good | GB48: Good | GC48: Good | GD48: Good | GE48: Good | GF48: Good | GG48: Good | GH48: Good | GI48: Good | GJ48: Good
A49: MORPC_067 | EO49: Good | EP49: Good | EQ49: Good | ER49: Good | ES49: Good | ET49: Good | EU49: Good | EV49: Good | EW49: Good | EX49: Good | EY49: Good | EZ49: Good | FA49: Good | FB49: Good | FC49: Good | FD49: Good | FE49: Good | FF49: Good | FG49: Good | FH49: Good | FI49: Good | FJ49: Good | FK49: Good | FL49: Good | FM49: Good | FN49: Good | FO49: Good | FP49: Good | FQ49: Good | FR49: Good | FS49: Good | FT49: Good | FU49: Good | FV49: Good | FW49: Good | FX49: Good | FY49: Good | FZ49: Good | GA49: Good | GB49: Good | GC49: Good | GD49: Good | GE49: Good | GF49: Good | GG49: Good | GH49: Good | GI49: Good | GJ49: Good
A50: MORPC_068 | EO50: Good | EP50: Good | EQ50: Good | ER50: Good | ES50: Good | ET50: Good | EU50: Good | EV50: Good | EW50: Good | EX50: Good | EY50: Good | EZ50: Good | FA50: Good | FB50: Good | FC50: Good | FD50: Good | FE50: Good | FF50: Good | FG50: Good | FH50: Good | FI50: Good | FJ50: Good | FK50: Good | FL50: Good | FM50: Good | FN50: Good | FO50: Good | FP50: Good | FQ50: Good | FR50: Good | FS50: Good | FT50: Good | FU50: Good | FV50: Good | FW50: Good | FX50: Good | FY50: Good | FZ50: Good | GA50: Good | GB50: Good | GC50: Bad | GD50: Removed | GE50: Removed | GG50: Good | GH50: Good | GI50: Good | GJ50: Good
A51: MORPC_069 | EP51: Good | EQ51: Good | ER51: Good | ES51: Good | ET51: Good | EU51: Good | EV51: Good | EW51: Good | EX51: Good | EY51: Bad | EZ51: Bad | FA51: Bad | FB51: Bad | FC51: Good | FD51: Good | FE51: Good | FF51: Good | FG51: Good | FH51: Good | FI51: Good | FJ51: Maybe | FK51: Bad | FL51: Bad | FM51: Bad | FN51: Bad | FO51: Bad | FP51: Bad | FQ51: Bad | FR51: Bad | FS51: Bad | FT51: Bad | FU51: Bad | FV51: Bad | FW51: Bad | FX51: Bad | FY51: Bad | FZ51: Bad | GA51: Bad | GB51: Bad | GC51: Bad | GD51: Good | GE51: Good | GF51: Good | GG51: Good | GH51: Good | GI51: Good | GJ51: Good
A52: MORPC_070 | EP52: Good | EQ52: Good | ER52: Good | ES52: Good | ET52: Good | EU52: Good | EV52: Good | EW52: Good | EX52: Good | EY52: Good | EZ52: Good | FA52: Good | FB52: Good | FC52: Good | FD52: Good | FE52: Good | FF52: Good | FG52: Good | FH52: Good | FI52: Good | FJ52: Good | FK52: Good | FL52: Good | FM52: Good | FN52: Good | FO52: Good | FP52: Good | FQ52: Good | FR52: Good | FS52: Good | FT52: Good | FU52: Good | FV52: Good | FW52: Good | FX52: Good | FY52: Good | FZ52: Good | GA52: Good | GB52: Good | GC52: Good | GD52: Good | GE52: Good | GF52: Good | GG52: Good | GH52: Good | GI52: Good | GJ52: Maybe
A53: MORPC_071 | EP53: Good | EQ53: Good | ER53: Good | ES53: Good | ET53: Good | EU53: Good | EV53: Good | EW53: Good | EX53: Good | EY53: Good | EZ53: Good | FA53: Good | FB53: Good | FC53: Bad | FD53: Good | FE53: Good | FF53: Maybe | FG53: Good | FH53: Good | FI53: Good | FJ53: Good | FK53: Good | FL53: Good | FM53: Good | FN53: Good | FO53: Good | FP53: Good | FQ53: Good | FR53: Good | FS53: Good | FT53: Good | FU53: Good | FV53: Good | FW53: Good | FX53: Good | FY53: Good | FZ53: Good | GA53: Good | GB53: Good | GC53: Good | GD53: Good | GE53: Good | GF53: Good | GG53: Good | GH53: Good | GI53: Good | GJ53: Good
A54: MORPC_072 | EP54: Bad | EQ54: Bad | ER54: Bad | ES54: Bad | ET54: Bad | EU54: Bad | EV54: Bad | EW54: Bad | EX54: Bad | EY54: Bad | EZ54: Bad | FA54: Bad | FB54: Bad | FC54: Bad | FD54: Good | FE54: Good | FF54: Good | FG54: Good | FH54: Good | FI54: Good | FJ54: Good | FK54: Good | FL54: Good | FM54: Good | FN54: Good | FO54: Good | FP54: Good | FQ54: Good | FR54: Good | FS54: Good | FT54: Good | FU54: Good | FV54: Good | FW54: Good | FX54: Good | FY54: Good | FZ54: Good | GA54: Good | GB54: Good | GC54: Good | GD54: Good | GE54: Good | GF54: Good | GG54: Good | GH54: Good | GI54: Good | GJ54: Good
A55: MORPC_073 | EP55: Good | EQ55: Good | ER55: Good | ES55: Good | ET55: Good | EU55: Good | EV55: Good | EW55: Good | EX55: Good | EY55: Good | EZ55: Good | FA55: Good | FB55: Good | FC55: Good | FD55: Good | FE55: Good | FF55: Good | FG55: Good | FH55: Good | FI55: Good | FJ55: Good | FK55: Good | FL55: Good | FM55: Good | FN55: Good | FO55: Good | FP55: Good | FQ55: Good | FR55: Good | FS55: Good | FT55: Good | FU55: Good | FV55: Bad | FW55: Bad | FX55: Bad | FY55: Bad | FZ55: Bad | GA55: Bad | GB55: Bad | GC55: Good | GD55: Good | GE55: Good | GF55: Good | GG55: Good | GH55: Good | GI55: Bad | GJ55: Bad
A56: MORPC_074 | EP56: Good | EQ56: Good | ER56: Good | ES56: Good | ET56: Good | EU56: Good | EV56: Good | EW56: Good | EX56: Good | EY56: Good | EZ56: Good | FA56: Good | FB56: Good | FC56: Good | FD56: Good | FE56: Good | FF56: Good | FG56: Good | FH56: Good | FI56: Good | FJ56: Good | FK56: Good | FL56: Good | FM56: Good | FN56: Good | FO56: Good | FP56: Good | FQ56: Good | FR56: Good | FS56: Good | FT56: Good | FU56: Good | FV56: Good | FW56: Good | FX56: Good | FY56: Good | FZ56: Good | GA56: Good | GB56: Good | GC56: Good | GD56: Good | GE56: Good | GF56: Good | GG56: Good | GH56: Good | GI56: Good | GJ56: Good
A57: MORPC_075 | EP57: Good | EQ57: Good | ER57: Good | ES57: Good | ET57: Good | EU57: Good | EV57: Good | EW57: Good | EX57: Good | EY57: Good | EZ57: Good | FA57: Good | FB57: Good | FC57: Good | FD57: Good | FE57: Good | FF57: Good | FG57: Good | FH57: Good | FI57: Good | FJ57: Good | FK57: Good | FL57: Good | FM57: Good | FN57: Good | FO57: Good | FP57: Good | FQ57: Good | FR57: Good | FS57: Good | FT57: Good | FU57: Good | FV57: Good | FW57: Good | FX57: Good | FY57: Good | FZ57: Good | GA57: Good | GB57: Good | GC57: Good | GD57: Good | GE57: Good | GF57: Good | GG57: Good | GH57: Good | GI57: Good | GJ57: Good
A58: MORPC_076 | EP58: Good | EQ58: Good | ER58: Good | ES58: Good | ET58: Good | EU58: Good | EV58: Good | EW58: Good | EX58: Good | EY58: Good | EZ58: Good | FA58: Good | FB58: Good | FC58: Good | FD58: Good | FE58: Good | FF58: Good | FG58: Good | FH58: Good | FI58: Good | FJ58: Good | FK58: Good | FL58: Good | FM58: Good | FN58: Good | FO58: Good | FP58: Good | FQ58: Good | FR58: Good | FS58: Good | FT58: Good | FU58: Good | FV58: Good | FW58: Good | FX58: Good | FY58: Good | FZ58: Good | GA58: Good | GB58: Bad | GC58: Bad | GD58: Bad | GE58: Bad | GF58: Good | GG58: Good | GH58: Good | GI58: Good | GJ58: Good
A59: MORPC_077 | EQ59: Good | ER59: Good | ES59: Good | ET59: Good | EU59: Good | EV59: Good | EW59: Good | EX59: Good | EY59: Good | EZ59: Good | FA59: Good | FB59: Good | FC59: Good | FD59: Good | FE59: Good | FF59: Good | FG59: Good | FH59: Good | FI59: Good | FJ59: Good | FK59: Good | FL59: Good | FM59: Good | FN59: Good | FO59: Good | FP59: Good | FQ59: Good | FR59: Good | FS59: Good | FT59: Good | FU59: Good | FV59: Good | FW59: Good | FX59: Good | FY59: Good | FZ59: Good | GA59: Good | GB59: Good | GC59: Good | GD59: Good | GE59: Good | GF59: Good | GG59: Good | GH59: Good | GI59: Good | GJ59: Good
A60: MORPC_078 | ER60: Good | ES60: Good | ET60: Good | EU60: Good | EV60: Good | EW60: Good | EX60: Good | EY60: Good | EZ60: Good | FA60: Good | FB60: Good | FC60: Good | FD60: Good | FE60: Good | FF60: Good | FG60: Good | FH60: Good | FI60: Good | FJ60: Good | FK60: Good | FL60: Good | FM60: Good | FN60: Good | FO60: Good | FP60: Good | FQ60: Good | FR60: Good | FS60: Good | FT60: Good | FU60: Good | FV60: Good | FW60: Good | FX60: Good | FY60: Good | FZ60: Good | GA60: Good | GB60: Good | GC60: Good | GD60: Good | GE60: Good | GF60: Good | GG60: Good | GH60: Good | GI60: Good | GJ60: Good
A61: MORPC_079 | ET61: Good | EU61: Good | EV61: Good | EW61: Good | EX61: Good | EY61: Good | EZ61: Good | FA61: Good | FB61: Good | FC61: Good | FD61: Good | FE61: Good | FF61: Good | FG61: Good | FH61: Good | FI61: Good | FJ61: Good | FK61: Good | FL61: Good | FM61: Good | FN61: Good | FO61: Good | FP61: Good | FQ61: Good | FR61: Good | FS61: Good | FT61: Good | FU61: Good | FV61: Good | FW61: Good | FX61: Good | FY61: Good | FZ61: Good | GA61: Good | GB61: Good | GC61: Good | GD61: Good | GE61: Good | GF61: Good | GG61: Good | GH61: Good | GI61: Good | GJ61: Good
A62: MORPC_080 | ET62: Good | EU62: Good | EV62: Good | EW62: Good | EX62: Good | EY62: Good | EZ62: Good | FA62: Good | FB62: Good | FC62: Good | FD62: Good | FE62: Good | FF62: Good | FG62: Good | FH62: Good | FI62: Good | FJ62: Good | FK62: Good | FL62: Good | FM62: Good | FN62: Good | FO62: Good | FP62: Good | FQ62: Good | FR62: Good | FS62: Good | FT62: Good | FU62: Good | FV62: Good | FW62: Good | FX62: Good | FY62: Good | FZ62: Good | GA62: Good | GB62: Good | GC62: Good | GD62: Good | GE62: Good | GF62: Good | GG62: Good | GH62: Good | GI62: Good | GJ62: Good
A63: MORPC_081 | ET63: Good | EU63: Good | EV63: Good | EW63: Good | EX63: Good | EY63: Good | EZ63: Good | FA63: Good | FB63: Good | FC63: Good | FD63: Good | FE63: Good | FF63: Good | FG63: Good | FH63: Good | FI63: Good | FJ63: Good | FK63: Good | FL63: Good | FM63: Good | FN63: Good | FO63: Good | FP63: Good | FQ63: Good | FR63: Good | FS63: Good | FT63: Good | FU63: Good | FV63: Good | FW63: Good | FX63: Good | FY63: Good | FZ63: Good | GA63: Good | GB63: Good | GC63: Good | GD63: Good | GE63: Good | GF63: Good | GG63: Good | GH63: Good | GI63: Good | GJ63: Bad
A64: MORPC_082 | EW64: Good | EX64: Good | EY64: Good | EZ64: Good | FA64: Good | FB64: Good | FC64: Good | FD64: Good | FE64: Good | FF64: Good | FG64: Good | FH64: Good | FI64: Good | FJ64: Good | FK64: Good | FL64: Good | FM64: Good | FN64: Good | FO64: Bad | FP64: Good | FQ64: Good | FR64: Good | FS64: Good | FT64: Good | FU64: Good | FV64: Good | FW64: Good | FX64: Good | FY64: Good | FZ64: Good | GA64: Good | GB64: Good | GC64: Good | GD64: Good | GE64: Good | GF64: Good | GG64: Good | GH64: Good | GI64: Good | GJ64: Good
A65: MORPC_083 | EW65: Good | EX65: Good | EY65: Good | EZ65: Good | FA65: Good | FB65: Good | FC65: Good | FD65: Good | FE65: Good | FF65: Good | FG65: Good | FH65: Good | FI65: Bad | FJ65: Good | FK65: Good | FL65: Good | FM65: Good | FN65: Good | FO65: Good | FP65: Good | FQ65: Good | FR65: Good | FS65: Good | FT65: Good | FU65: Good | FV65: Good | FW65: Good | FX65: Good | FY65: Good | FZ65: Good | GA65: Good | GB65: Good | GC65: Good | GD65: Good | GE65: Good | GF65: Good | GG65: Good | GH65: Good | GI65: Good | GJ65: Good
A66: MORPC_084 | FC66: Good | FD66: Good | FE66: Good | FF66: Good | FG66: Good | FH66: Good | FI66: Good | FJ66: Good | FK66: Good | FL66: Good | FM66: Good | FN66: Good | FO66: Good | FP66: Good | FQ66: Good | FR66: Good | FS66: Good | FT66: Good | FU66: Good | FV66: Good | FW66: Good | FX66: Good | FY66: Good | FZ66: Good | GA66: Good | GB66: Good | GC66: Good | GD66: Good | GE66: Good | GF66: Good | GG66: Good | GH66: Good | GI66: Good | GJ66: Good
A67: MORPC_085 | EY67: Good | EZ67: Good | FA67: Good | FB67: Good | FC67: Good | FD67: Good | FE67: Good | FF67: Good | FG67: Good | FH67: Good | FI67: Good | FJ67: Good | FK67: Good | FL67: Good | FM67: Good | FN67: Good | FO67: Good | FP67: Good | FQ67: Good | FR67: Good | FS67: Good | FT67: Good | FU67: Good | FV67: Good | FW67: Good | FX67: Good | FY67: Good | FZ67: Good | GA67: Good | GB67: Good | GC67: Good | GD67: Good | GE67: Good | GF67: Good | GG67: Good | GH67: Good | GI67: Good | GJ67: Good
A68: MORPC_086 | EZ68: Good | FA68: Good | FB68: Good | FC68: Good | FD68: Good | FE68: Good | FF68: Good | FG68: Good | FH68: Good | FI68: Good | FJ68: Good | FK68: Good | FL68: Good | FM68: Good | FN68: Good | FO68: Good | FP68: Good | FQ68: Good | FR68: Good | FS68: Good | FT68: Good | FU68: Good | FV68: Good | FW68: Good | FX68: Good | FY68: Good | FZ68: Good | GA68: Good | GB68: Good | GC68: Good | GD68: Good | GE68: Good | GF68: Good | GG68: Good | GH68: Good | GI68: Good | GJ68: Good
A69: MORPC_087 | EZ69: Good | FA69: Good | FB69: Good | FC69: Good | FD69: Good | FE69: Good | FF69: Good | FG69: Good | FH69: Good | FI69: Good | FJ69: Good | FK69: Good | FL69: Good | FM69: Good | FN69: Good | FO69: Good | FP69: Good | FQ69: Good | FR69: Good | FS69: Good | FT69: Good | FU69: Good | FV69: Good | FW69: Good | FX69: Good | FY69: Good | FZ69: Good | GA69: Good | GB69: Bad | GC69: Bad | GD69: Bad | GE69: Good | GF69: Good | GG69: Good | GH69: Good | GI69: Good | GJ69: Good
A70: MORPC_088 | EZ70: Good | FA70: Good | FB70: Good | FC70: Good | FD70: Good | FE70: Good | FF70: Good | FG70: Good | FH70: Good | FI70: Good | FJ70: Good | FK70: Good | FL70: Good | FM70: Good | FN70: Good | FO70: Good | FP70: Good | FQ70: Good | FR70: Good | FS70: Good | FT70: Good | FU70: Good | FV70: Good | FW70: Good | FX70: Good | FY70: Good | FZ70: Good | GA70: Good | GB70: Good | GC70: Good | GD70: Good | GE70: Good | GF70: Good | GG70: Good | GH70: Good | GI70: Good | GJ70: Good
A71: MORPC_089 | FB71: Good | FC71: Good | FD71: Good | FE71: Good | FF71: Good | FG71: Good | FH71: Good | FI71: Good | FJ71: Good | FK71: Good | FL71: Good | FM71: Good | FN71: Good | FO71: Good | FP71: Good | FQ71: Good | FR71: Good | FS71: Good | FT71: Good | FU71: Good | FV71: Good | FW71: Good | FX71: Good | FY71: Good | FZ71: Good | GA71: Good | GB71: Good | GC71: Good | GD71: Good | GE71: Good | GF71: Good | GG71: Good | GH71: Good | GI71: Good | GJ71: Good
A72: MORPC_090 | FD72: Good | FE72: Good | FF72: Good | FG72: Good | FH72: Maybe | FI72: Good | FJ72: Good | FK72: Good | FL72: Good | FM72: Good | FN72: Good | FO72: Good | FP72: Good | FQ72: Good | FR72: Good | FS72: Good | FT72: Good | FU72: Good | FV72: Good | FW72: Good | FX72: Good | FY72: Good | FZ72: Good | GA72: Good | GB72: Good | GC72: Bad | GD72: Bad | GE72: Bad | GF72: Bad | GG72: Bad | GH72: Bad | GI72: Bad | GJ72: Bad
A73: MORPC_091 | FH73: Good | FI73: Good | FJ73: Good | FK73: Good | FL73: Good | FM73: Good | FN73: Good | FO73: Good | FP73: Good | FQ73: Good | FR73: Good | FS73: Good | FT73: Good | FU73: Good | FV73: Good | FW73: Good | FX73: Good | FY73: Good | FZ73: Good | GA73: Good | GB73: Good | GC73: Good | GD73: Good | GE73: Good | GF73: Good | GG73: Good | GH73: Good | GI73: Good | GJ73: Good
A74: MORPC_092 | FK74: Good | FL74: Good | FM74: Good | FN74: Good | FO74: Good | FP74: Good | FQ74: Good | FR74: Good | FS74: Good | FT74: Good | FU74: Good | FV74: Good | FW74: Good | FX74: Good | FY74: Good | FZ74: Good | GA74: Good | GB74: Good | GC74: Good | GD74: Good | GE74: Good | GF74: Good | GG74: Good | GH74: Good | GI74: Good | GJ74: Good
A75: MORPC_093 | FS75: Good | FT75: Good | FU75: Good | FV75: Good | FW75: Good | FX75: Good | FY75: Good | FZ75: Good | GA75: Good | GB75: Bad | GC75: Good | GD75: Good | GE75: Good | GF75: Good | GG75: Good | GH75: Good | GI75: Good | GJ75: Good
A76: MORPC_094 | FS76: Good | FT76: Good | FU76: Good | FV76: Good | FW76: Good | FX76: Good | FY76: Good | FZ76: Good | GA76: Good | GB76: Good | GC76: Good | GD76: Good | GE76: Good | GF76: Good | GG76: Good | GH76: Good | GI76: Good | GJ76: Good
A77: MORPC_095 | FS77: Good | FT77: Good | FU77: Good | FV77: Good | FW77: Good | FX77: Good | FY77: Good | FZ77: Good | GA77: Good | GB77: Good | GC77: Good | GD77: Good | GE77: Good | GF77: Good | GG77: Good | GH77: Good | GI77: Good | GJ77: Good
A78: MORPC_096 | FT78: Good | FU78: Good | FV78: Good | FW78: Good | FX78: Good | FY78: Good | FZ78: Good | GA78: Good | GB78: Good | GC78: Good | GD78: Good | GE78: Good | GF78: Good | GG78: Good | GH78: Good | GI78: Good | GJ78: Good
A79: MORPC_097 | FV79: Good | FW79: Good | FX79: Good | FY79: Good | FZ79: Good | GA79: Good | GB79: Good | GC79: Good | GD79: Good | GE79: Good | GF79: Good | GG79: Good | GH79: Good | GI79: Good | GJ79: Good
A80: MORPC_098 | GA80: Good | GB80: Good | GC80: Good | GD80: Good | GE80: Maybe | GF80: Maybe | GG80: Good | GH80: Good | GI80: Good | GJ80: Good
A81: MORPC_099
A82: MORPC_100
A83: MORPC_101
A84: MORPC_102
A85: MORPC_103
A86: MORPC_104
A87: MORPC_105
A88: MORPC_106
A89: MORPC_107
A90: MORPC_108
A91: MORPC_109
A92: MORPC_110
... A109: MORPC_127

Sheet Deployment Log
A1: Sensor ID Deployment | B1: Deployment Type (C/D) | C1: Sensor ID | D1: Sensor_Index_ID | E1: Address | F1: Additional Address information | G1: Location Name | H1: Neighborhood | I1: ZIP Code | J1: LAT | K1: LON | L1: Deployment_Start | M1: Deployment_End
E2: [MATCH ADDRESS IN "INSTALLED SENSORS"] | G2: [UNIQUE FOR EACH ADDRESS] | H2: [automatic] | I2: [automatic]
A3: MORPC_003_01 | B3: D | C3: MORPC_003 | D3: 33763 | E3: 1777 E Broad St | F3: Franklin Park Conservatory - dot on map is 2 blocks south | G3: Franklin Park Conservatory | H3: =OFFSET('Installed Sensors'!$B$1,MATCH($E3,'Installed Sensors'!$C:$C,0)-1,0) -> Old Town East | I3: =OFFSET('Installed Sensors'!$E$1,MATCH($E3,'Installed Sensors'!$C:$C,0)-1,0) -> 43203 | J3: 39.966859 | K3: -82.952291 | L3: 43945 | M3: 44623
A4: MORPC_006_00 | B4: C | C4: MORPC_006 | D4: 33773 | E4: 7560 Smoky Row Rd | F4: OH EPA Monitoring Site | G4: Collocation_1_6 | H4: =OFFSET('Installed Sensors'!$B$1,MATCH($E4,'Installed Sensors'!$C:$C,0)-1,0) -> #N/A | I4: =OFFSET('Installed Sensors'!$E$1,MATCH($E4,'Installed Sensors'!$C:$C,0)-1,0) -> #N/A | J4: 40.111164 | K4: -83.0654 | L4: 44400 | M4: 44414
A5: MORPC_006_01 | B5: D | C5: MORPC_006 | D5: 118637 | E5: 441 Nashoba Ave | F5: Private Residence | G5: Nashoba Avenue | H5: =OFFSET('Installed Sensors'!$B$1,MATCH($E5,'Installed Sensors'!$C:$C,0)-1,0) -> #N/A | I5: =OFFSET('Installed Sensors'!$E$1,MATCH($E5,'Installed Sensors'!$C:$C,0)-1,0) -> #N/A | J5: 39.947178 | K5: -83.05088 | L5: 44464
A6: MORPC_007_00 | B6: C | C6: MORPC_007 | E6: 7560 Smoky Row Rd | F6: OH EPA Monitoring Site | G6: Collocation_2_7 | H6: =OFFSET('Installed Sensors'!$B$1,MATCH($E6,'Installed Sensors'!$C:$C,0)-1,0) -> #N/A | I6: =OFFSET('Installed Sensors'!$E$1,MATCH($E6,'Installed Sensors'!$C:$C,0)-1,0) -> #N/A | J6: 40.111164 | K6: -83.0654 | L6: 44414 | M6: 44428
A7: MORPC_007_01 | B7: D | C7: MORPC_007 | D7: 149764 | E7: 850 N Nelson Rd Columbus | F7: Library | G7: Shepard Library | H7: =OFFSET('Installed Sensors'!$B$1,MATCH($E7,'Installed Sensors'!$C:$C,0)-1,0) -> #N/A | I7: =OFFSET('Installed Sensors'!$E$1,MATCH($E7,'Installed Sensors'!$C:$C,0)-1,0) -> #N/A | J7: 39.986 | K7: -82.941 | L7: 44712
A8: MORPC_009_00 | B8: C | C8: MORPC_009 | D8: 33839 | E8: 7560 Smoky Row Rd | F8: OH EPA Monitoring Site | G8: Collocation_2_9 | H8: =OFFSET('Installed Sensors'!$B$1,MATCH($E8,'Installed Sensors'!$C:$C,0)-1,0) -> #N/A | I8: =OFFSET('Installed Sensors'!$E$1,MATCH($E8,'Installed Sensors'!$C:$C,0)-1,0) -> #N/A | J8: 40.111164 | K8: -83.0654 | L8: 44414 | M8: 44428
A9: MORPC_010_00 | B9: C | C9: MORPC_010 | D9: 33649 | E9: 7560 Smoky Row Rd | F9: OH EPA Monitoring Site | G9: Collocation_1_10 | H9: =OFFSET('Installed Sensors'!$B$1,MATCH($E9,'Installed Sensors'!$C:$C,0)-1,0) -> #N/A | I9: =OFFSET('Installed Sensors'!$E$1,MATCH($E9,'Installed Sensors'!$C:$C,0)-1,0) -> #N/A | J9: 40.111164 | K9: -83.0654 | L9: 44400 | M9: 44414
A10: MORPC_012_00 | B10: C | C10: MORPC_012 | D10: 33761 | E10: 7560 Smoky Row Rd | F10: OH EPA Monitoring Site | G10: Collocation_1_12 | H10: =OFFSET('Installed Sensors'!$B$1,MATCH($E10,'Installed Sensors'!$C:$C,0)-1,0) -> #N/A | I10: =OFFSET('Installed Sensors'!$E$1,MATCH($E10,'Installed Sensors'!$C:$C,0)-1,0) -> #N/A | J10: 40.111164 | K10: -83.0654 | L10: 44400 | M10: 44414
A11: MORPC_012_01 | B11: D | C11: MORPC_012 | D11: 118631 | E11: 1221 Chesapeake Ave | F11: Local Catering Business | G11: Chesapeake | H11: =OFFSET('Installed Sensors'!$B$1,MATCH($E11,'Installed Sensors'!$C:$C,0)-1,0) -> Grandview Heights | I11: =OFFSET('Installed Sensors'!$E$1,MATCH($E11,'Installed Sensors'!$C:$C,0)-1,0) -> 43212 | J11: 39.991993 | K11: -83.03988 | L11: 44562 | M11: 45380
A12: MORPC_014_00 | B12: C | C12: MORPC_014 | E12: 7560 Smoky Row Rd | F12: OH EPA Monitoring Site | G12: Collocation_1_14 | H12: =OFFSET('Installed Sensors'!$B$1,MATCH($E12,'Installed Sensors'!$C:$C,0)-1,0) -> #N/A | I12: =OFFSET('Installed Sensors'!$E$1,MATCH($E12,'Installed Sensors'!$C:$C,0)-1,0) -> #N/A | J12: 40.111164 | K12: -83.0654 | L12: 44400 | M12: 44414
A13: MORPC_014_01 | B13: D | C13: MORPC_014 | D13: 33861 | E13: 2768 Audubon Road | F13: Private Residence | G13: Linden 1 | H13: =OFFSET('Installed Sensors'!$B$1,MATCH($E13,'Installed Sensors'!$C:$C,0)-1,0) -> Linden | I13: =OFFSET('Installed Sensors'!$E$1,MATCH($E13,'Installed Sensors'!$C:$C,0)-1,0) -> 43211 | J13: 40.021294 | K13: -82.990456 | L13: 44562
A14: MORPC_015_00 | B14: C | C14: MORPC_015 | D14: 33811 | E14: 7560 Smoky Row Rd | F14: OH EPA Monitoring Site | G14: Collocation_2_15 | H14: =OFFSET('Installed Sensors'!$B$1,MATCH($E14,'Installed Sensors'!$C:$C,0)-1,0) -> #N/A | I14: =OFFSET('Installed Sensors'!$E$1,MATCH($E14,'Installed Sensors'!$C:$C,0)-1,0) -> #N/A | J14: 40.111164 | K14: -83.0654 | L14: 44414 | M14: 44428
A15: MORPC_016_00 | B15: C | C15: MORPC_016 | D15: 33775 | E15: 7560 Smoky Row Rd | F15: OH EPA Monitoring Site | G15: Collocation_2_16 | H15: =OFFSET('Installed Sensors'!$B$1,MATCH($E15,'Installed Sensors'!$C:$C,0)-1,0) -> #N/A | I15: =OFFSET('Installed Sensors'!$E$1,MATCH($E15,'Installed Sensors'!$C:$C,0)-1,0) -> #N/A | J15: 40.111164 | K15: -83.0654 | L15: 44414 | M15: 44428
A16: MORPC_017_00 | B16: C | C16: MORPC_017 | D16: 33791 | E16: 7560 Smoky Row Rd | F16: OH EPA Monitoring Site | G16: Collocation_2_17 | H16: =OFFSET('Installed Sensors'!$B$1,MATCH($E16,'Installed Sensors'!$C:$C,0)-1,0) -> #N/A | I16: =OFFSET('Installed Sensors'!$E$1,MATCH($E16,'Installed Sensors'!$C:$C,0)-1,0) -> #N/A | J16: 40.111164 | K16: -83.0654 | L16: 44414 | M16: 44428
A17: MORPC_017_01 | B17: D | C17: MORPC_017 | D17: 128591 | E17: 1575 Studer Ave | F17: Private Residence | G17: Far South 1 | H17: =OFFSET('Installed Sensors'!$B$1,MATCH($E17,'Installed Sensors'!$C:$C,0)-1,0) -> Far South | I17: =OFFSET('Installed Sensors'!$E$1,MATCH($E17,'Installed Sensors'!$C:$C,0)-1,0) -> 43207 | J17: 39.93312 | K17: -82.96629 | L17: 44754 | M17: 45364
A18: MORPC_018_00 | B18: C | C18: MORPC_018 | D18: 33837 | E18: 7560 Smoky Row Rd | F18: OH EPA Monitoring Site | G18: Collocation_1_18 | H18: =OFFSET('Installed Sensors'!$B$1,MATCH($E18,'Installed Sensors'!$C:$C,0)-1,0) -> #N/A | I18: =OFFSET('Installed Sensors'!$E$1,MATCH($E18,'Installed Sensors'!$C:$C,0)-1,0) -> #N/A | J18: 40.111164 | K18: -83.0654 | L18: 44400 | M18: 44414
A19: MORPC_020_00 | B19: C | C19: MORPC_020 | D19: 33783 | E19: 7560 Smoky Row Rd | F19: OH EPA Monitoring Site | G19: Collocation_2_20 | H19: =OFFSET('Installed Sensors'!$B$1,MATCH($E19,'Installed Sensors'!$C:$C,0)-1,0) -> #N/A | I19: =OFFSET('Installed Sensors'!$E$1,MATCH($E19,'Installed Sensors'!$C:$C,0)-1,0) -> #N/A | J19: 40.111164 | K19: -83.0654 | L19: 44414 | M19: 44428
A20: MORPC_021_00 | B20: C | C20: MORPC_021 | D20: 104668 | E20: 7560 Smoky Row Rd | F20: OH EPA Monitoring Site | G20: Collocation_3_21 | H20: =OFFSET('Installed Sensors'!$B$1,MATCH($E20,'Installed Sensors'!$C:$C,0)-1,0) -> #N/A | I20: =OFFSET('Installed Sensors'!$E$1,MATCH($E20,'Installed Sensors'!$C:$C,0)-1,0) -> #N/A | J20: 40.111164 | K20: -83.0654 | L20: 44428 | M20: 44442
A21: MORPC_022_00 | B21: C | C21: MORPC_022 | D21: 104840 | E21: 7560 Smoky Row Rd | F21: OH EPA Monitoring Site | G21: Collocation_3_22 | H21: =OFFSET('Installed Sensors'!$B$1,MATCH($E21,'Installed Sensors'!$C:$C,0)-1,0) -> #N/A | I21: =OFFSET('Installed Sensors'!$E$1,MATCH($E21,'Installed Sensors'!$C:$C,0)-1,0) -> #N/A | J21: 40.111164 | K21: -83.0654 | L21: 44428 | M21: 44442
A22: MORPC_022_01 | B22: D | C22: MORPC_022 | D22: 137002 | E22: 1575 Studer Ave | F22: Private Residence | G22: Far South 1 | H22: =OFFSET('Installed Sensors'!$B$1,MATCH($E22,'Installed Sensors'!$C:$C,0)-1,0) -> Far South | I22: =OFFSET('Installed Sensors'!$E$1,MATCH($E22,'Installed Sensors'!$C:$C,0)-1,0) -> 43207 | J22: 39.93312 | K22: -82.96629 | L22: 44562 | M22: 44754
A23: MORPC_022_02 | B23: D | C23: MORPC_022 | D23: 149716 | E23: 4445 E Broad St (Library) | F23: Library | G23: Whitehall Library | H23: =OFFSET('Installed Sensors'!$B$1,MATCH($E23,'Installed Sensors'!$C:$C,0)-1,0) -> Whitehall | I23: =OFFSET('Installed Sensors'!$E$1,MATCH($E23,'Installed Sensors'!$C:$C,0)-1,0) -> 43213 | J23: 39.975647 | K23: -82.883125 | L23: 44832 | M23: 45434
A24: MORPC_023_00 | B24: C | C24: MORPC_023 | D24: 104154 | E24: 7560 Smoky Row Rd | F24: OH EPA Monitoring Site | G24: Collocation_3_23 | H24: =OFFSET('Installed Sensors'!$B$1,MATCH($E24,'Installed Sensors'!$C:$C,0)-1,0) -> #N/A | I24: =OFFSET('Installed Sensors'!$E$1,MATCH($E24,'Installed Sensors'!$C:$C,0)-1,0) -> #N/A | J24: 40.111164 | K24: -83.0654 | L24: 44428 | M24: 44442
A25: MORPC_023_01 | B25: D | C25: MORPC_023 | D25: 128679 | E25: 5271 N High St | F25: COTA | G25: Clintonville 2 | H25: =OFFSET('Installed Sensors'!$B$1,MATCH($E25,'Installed Sensors'!$C:$C,0)-1,0) -> Clintonville | I25: =OFFSET('Installed Sensors'!$E$1,MATCH($E25,'Installed Sensors'!$C:$C,0)-1,0) -> 43214 | J25: 40.070442 | K25: -83.01968 | L25: 44509 | M25: 45407
... A28: MORPC_025_00 | B28: C | C28: MORPC_025 | D28: 104268 | E28: 7560 Smoky Row Rd | F28: OH EPA Monitoring Site | G28: Collocation_3_25 | H28: =OFFSET('Installed Sensors'!$B$1,MATCH($E28,'Installed Sensors'!$C:$C,0)-1,0) -> #N/A | I28: =OFFSET('Installed Sensors'!$E$1,MATCH($E28,'Installed Sensors'!$C:$C,0)-1,0) -> #N/A | J28: 40.111164 | K28: -83.0654 | L28: 44428 | M28: 44442
A29: MORPC_025_01 | B29: D | C29: MORPC_025 | D29: 140106 | E29: 3540 S High St | F29: Library | G29: Far South 2 | H29: =OFFSET('Installed Sensors'!$B$1,MATCH($E29,'Installed Sensors'!$C:$C,0)-1,0) -> #N/A | I29: =OFFSET('Installed Sensors'!$E$1,MATCH($E29,'Installed Sensors'!$C:$C,0)-1,0) -> #N/A | J29: 39.889465 | K29: -82.996895 | L29: 44562
A30: MORPC_026_00 | B30: C | C30: MORPC_026 | D30: 104788 | E30: 7560 Smoky Row Rd | F30: OH EPA Monitoring Site | G30: Collocation_3_26 | H30: =OFFSET('Installed Sensors'!$B$1,MATCH($E30,'Installed Sensors'!$C:$C,0)-1,0) -> #N/A | I30: =OFFSET('Installed Sensors'!$E$1,MATCH($E30,'Installed Sensors'!$C:$C,0)-1,0) -> #N/A | J30: 40.111164 | K30: -83.0654 | L30: 44428 | M30: 44442
A31: MORPC_026_01 | B31: D | C31: MORPC_026 | D31: 128685 | E31: 1390 Cleveland Ave | F31: COTA | G31: Linden 2 | H31: =OFFSET('Installed Sensors'!$B$1,MATCH($E31,'Installed Sensors'!$C:$C,0)-1,0) -> Linden | I31: =OFFSET('Installed Sensors'!$E$1,MATCH($E31,'Installed Sensors'!$C:$C,0)-1,0) -> 43211 | J31: 39.993523 | K31: -82.98157 | L31: 44509 | M31: 45407
A32: MORPC_027_00 | B32: C | C32: MORPC_027 | D32: 104826 | E32: 7560 Smoky Row Rd | F32: OH EPA Monitoring Site | G32: Collocation_5_27 | H32: =OFFSET('Installed Sensors'!$B$1,MATCH($E32,'Installed Sensors'!$C:$C,0)-1,0) -> #N/A | I32: =OFFSET('Installed Sensors'!$E$1,MATCH($E32,'Installed Sensors'!$C:$C,0)-1,0) -> #N/A | J32: 40.111164 | K32: -83.0654 | L32: 44470 | M32: 44491
A33: MORPC_027_01 | B33: D | C33: MORPC_027 | D33: 147240 | E33: 2242 E Main St | F33: Bexley City Hall | G33: Bexley City Hall | H33: =OFFSET('Installed Sensors'!$B$1,MATCH($E33,'Installed Sensors'!$C:$C,0)-1,0) -> #N/A | I33: =OFFSET('Installed Sensors'!$E$1,MATCH($E33,'Installed Sensors'!$C:$C,0)-1,0) -> #N/A | J33: 39.9575 | K33: -82.9393 | L33: 44692
A34: MORPC_028_00 | B34: C | C34: MORPC_028 | E34: 7560 Smoky Row Rd | F34: OH EPA Monitoring Site | G34: Collocation_5_28 | H34: =OFFSET('Installed Sensors'!$B$1,MATCH($E34,'Installed Sensors'!$C:$C,0)-1,0) -> #N/A | I34: =OFFSET('Installed Sensors'!$E$1,MATCH($E34,'Installed Sensors'!$C:$C,0)-1,0) -> #N/A | J34: 40.111164 | K34: -83.0654 | L34: 44470 | M34: 44491
A35: MORPC_028_01 | B35: D | C35: MORPC_028 | D35: 104830 | E35: 1125 East Main St, Columbus | F35: COTA | G35: Old Town East | H35: =OFFSET('Installed Sensors'!$B$1,MATCH($E35,'Installed Sensors'!$C:$C,0)-1,0) -> Old Town East | I35: =OFFSET('Installed Sensors'!$E$1,MATCH($E35,'Installed Sensors'!$C:$C,0)-1,0) -> 43205 | J35: 39.957497 | K35: -82.96899 | L35: 44562 | M35: 45407
A36: MORPC_029_00 | B36: C | C36: MORPC_029 | D36: 104134 | E36: 7560 Smoky Row Rd | F36: OH EPA Monitoring Site | G36: Collocation_4_29 | H36: =OFFSET('Installed Sensors'!$B$1,MATCH($E36,'Installed Sensors'!$C:$C,0)-1,0) -> #N/A | I36: =OFFSET('Installed Sensors'!$E$1,MATCH($E36,'Installed Sensors'!$C:$C,0)-1,0) -> #N/A | J36: 40.111164 | K36: -83.0654 | L36: 44449 | M36: 44470
A37: MORPC_029_01 | B37: D | C37: MORPC_029 | D37: 134632 | E37: 251 E Weber Rd | F37: K-8 School | G37: Indianola Informal | H37: =OFFSET('Installed Sensors'!$B$1,MATCH($E37,'Installed Sensors'!$C:$C,0)-1,0) -> Clintonville | I37: =OFFSET('Installed Sensors'!$E$1,MATCH($E37,'Installed Sensors'!$C:$C,0)-1,0) -> 43202 | J37: 40.024006 | K37: -83.0077 | L37: 44562 | M37: 44937
A38: MORPC_030_00 | B38: C | C38: MORPC_030 | D38: 104132 | E38: 7560 Smoky Row Rd | F38: OH EPA Monitoring Site | G38: Collocation_4_30 | H38: =OFFSET('Installed Sensors'!$B$1,MATCH($E38,'Installed Sensors'!$C:$C,0)-1,0) -> #N/A | I38: =OFFSET('Installed Sensors'!$E$1,MATCH($E38,'Installed Sensors'!$C:$C,0)-1,0) -> #N/A | J38: 40.111164 | K38: -83.0654 | L38: 44449 | M38: 44470
A39: MORPC_030_01 | B39: D | C39: MORPC_030 | D39: 131379 | E39: 333 W Broad S | F39: COSI | G39: COSI | H39: =OFFSET('Installed Sensors'!$B$1,MATCH($E39,'Installed Sensors'!$C:$C,0)-1,0) -> #N/A | I39: =OFFSET('Installed Sensors'!$E$1,MATCH($E39,'Installed Sensors'!$C:$C,0)-1,0) -> #N/A | J39: 39.96028 | K39: -83.006294 | L39: 44673
A40: MORPC_031_00 | B40: C | C40: MORPC_031 | D40: 104178 | E40: 7560 Smoky Row Rd | F40: OH EPA Monitoring Site | G40: Collocation_4_31 | H40: =OFFSET('Installed Sensors'!$B$1,MATCH($E40,'Installed Sensors'!$C:$C,0)-1,0) -> #N/A | I40: =OFFSET('Installed Sensors'!$E$1,MATCH($E40,'Installed Sensors'!$C:$C,0)-1,0) -> #N/A | J40: 40.111164 | K40: -83.0654 | L40: 44449 | M40: 44470
A41: MORPC_031_01 | B41: D | C41: MORPC_031 | D41: 140404 | E41: 1295 Glenn Ave | F41: Private Residence | G41: Grandview Heights | H41: =OFFSET('Installed Sensors'!$B$1,MATCH($E41,'Installed Sensors'!$C:$C,0)-1,0) -> Grandview Heights | I41: =OFFSET('Installed Sensors'!$E$1,MATCH($E41,'Installed Sensors'!$C:$C,0)-1,0) -> 43212 | J41: 39.982983 | K41: -83.05434 | L41: 44562 | M41: 45523
A42: MORPC_032_00 | B42: C | C42: MORPC_032 | D42: 104770 | E42: 7560 Smoky Row Rd | F42: OH EPA Monitoring Site | G42: Collocation_4_32 | H42: =OFFSET('Installed Sensors'!$B$1,MATCH($E42,'Installed Sensors'!$C:$C,0)-1,0) -> #N/A | I42: =OFFSET('Installed Sensors'!$E$1,MATCH($E42,'Installed Sensors'!$C:$C,0)-1,0) -> #N/A | J42: 40.111164 | K42: -83.0654 | L42: 44449 | M42: 44470
A43: MORPC_032_01 | B43: D | C43: MORPC_032 | D43: 139366 | E43: 2527 Nassau Drive | F43: Private Residence | G43: Eastland | H43: =OFFSET('Installed Sensors'!$B$1,MATCH($E43,'Installed Sensors'!$C:$C,0)-1,0) -> Eastland | I43: =OFFSET('Installed Sensors'!$E$1,MATCH($E43,'Installed Sensors'!$C:$C,0)-1,0) -> 43232 | J43: 39.92103 | K43: -82.89317 | L43: 44562 | M43: 44974
A44: MORPC_032_02 | B44: D | C44: MORPC_032 | D44: 178397 | E44: 251 E Weber Rd | F44: K-8 School | G44: Indianola Informal | H44: Clintonville | I44: 43202 | J44: 40.024006 | K44: -83.0077 | L44: 45020 | M44: 45408
A45: MORPC_033_00 | B45: C | C45: MORPC_033 | D45: 104824 | E45: 7560 Smoky Row Rd | F45: OH EPA Monitoring Site | G45: Collocation_5_33 | H45: =OFFSET('Installed Sensors'!$B$1,MATCH($E45,'Installed Sensors'!$C:$C,0)-1,0) -> #N/A | I45: =OFFSET('Installed Sensors'!$E$1,MATCH($E45,'Installed Sensors'!$C:$C,0)-1,0) -> #N/A | J45: 40.111164 | K45: -83.0654 | L45: 44470 | M45: 44491
A46: MORPC_033_01 | B46: D | C46: MORPC_033 | D46: 135364 | E46: 897 W Broad St, Columbus | F46: Local Business | G46: Franklinton Cycle Works | H46: =OFFSET('Installed Sensors'!$B$1,MATCH($E46,'Installed Sensors'!$C:$C,0)-1,0) -> Franklinton | I46: =OFFSET('Installed Sensors'!$E$1,MATCH($E46,'Installed Sensors'!$C:$C,0)-1,0) -> 43222 | J46: 39.9589 | K46: -83.02436 | L46: 44562 | M46: 45358
A47: MORPC_034_00 | B47: C | C47: MORPC_034 | D47: 104838 | E47: 7560 Smoky Row Rd | F47: OH EPA Monitoring Site | G47: Collocation_5_34 | H47: =OFFSET('Installed Sensors'!$B$1,MATCH($E47,'Installed Sensors'!$C:$C,0)-1,0) -> #N/A | I47: =OFFSET('Installed Sensors'!$E$1,MATCH($E47,'Installed Sensors'!$C:$C,0)-1,0) -> #N/A | J47: 40.111164 | K47: -83.0654 | L47: 44470 | M47: 44491
A48: MORPC_034_01 | B48: D | C48: MORPC_034 | D48: 135366 | E48: 4445 E Broad St | F48: Whitehall Library | G48: Whitehall Library | H48: =OFFSET('Installed Sensors'!$B$1,MATCH($E48,'Installed Sensors'!$C:$C,0)-1,0) -> Whitehall | I48: =OFFSET('Installed Sensors'!$E$1,MATCH($E48,'Installed Sensors'!$C:$C,0)-1,0) -> 43213 | J48: 39.975647 | K48: -82.883125 | L48: 44562 | M48: 44832
A49: MORPC_035_00 | B49: C | C49: MORPC_035 | D49: 104844 | E49: 7560 Smoky Row Rd | F49: OH EPA Monitoring Site | G49: Collocation_4_35 | H49: =OFFSET('Installed Sensors'!$B$1,MATCH($E49,'Installed Sensors'!$C:$C,0)-1,0) -> #N/A | I49: =OFFSET('Installed Sensors'!$E$1,MATCH($E49,'Installed Sensors'!$C:$C,0)-1,0) -> #N/A | J49: 40.111164 | K49: -83.0654 | L49: 44449 | M49: 44470
A50: MORPC_035_01 | B50: D | C50: MORPC_035 | D50: 135368 | E50: 164 Hayden Ave, Columbus | F50: Private Residence | G50: Franklinton 2 | H50: =OFFSET('Installed Sensors'!$B$1,MATCH($E50,'Installed Sensors'!$C:$C,0)-1,0) -> Franklinton 1 | I50: =OFFSET('Installed Sensors'!$E$1,MATCH($E50,'Installed Sensors'!$C:$C,0)-1,0) -> 43222 | J50: 39.961174 | K50: -83.037285 | L50: 44562
A51: MORPC_036_00 | B51: C | C51: MORPC_036 | D51: 104324 | E51: 7560 Smoky Row Rd | F51: OH EPA Monitoring Site | G51: Collocation_5_36 | H51: =OFFSET('Installed Sensors'!$B$1,MATCH($E51,'Installed Sensors'!$C:$C,0)-1,0) -> #N/A | I51: =OFFSET('Installed Sensors'!$E$1,MATCH($E51,'Installed Sensors'!$C:$C,0)-1,0) -> #N/A | J51: 40.111164 | K51: -83.0654 | L51: 44470 | M51: 44491
A52: MORPC_036_01 | B52: D | C52: MORPC_036 | D52: 142906 | E52: 2650 London Groveport Rd | F52: Fire Department | G52: Jackson Twnshp Fire Dept | H52: =OFFSET('Installed Sensors'!$B$1,MATCH($E52,'Installed Sensors'!$C:$C,0)-1,0) -> Grove City | I52: =OFFSET('Installed Sensors'!$E$1,MATCH($E52,'Installed Sensors'!$C:$C,0)-1,0) -> 43123 | J52: 39.839783 | K52: -83.07625 | L52: 44580 | M52: 45362
A53: MORPC_037_00 | B53: C | C53: MORPC_037 | D53: 104960 | E53: 7560 Smoky Row Rd | F53: OH EPA Monitoring Site | G53: Collocation_5_37 | H53: =OFFSET('Installed Sensors'!$B$1,MATCH($E53,'Installed Sensors'!$C:$C,0)-1,0) -> #N/A | I53: =OFFSET('Installed Sensors'!$E$1,MATCH($E53,'Installed Sensors'!$C:$C,0)-1,0) -> #N/A | J53: 40.111164 | K53: -83.0654 | L53: 44470 | M53: 44491
A54: MORPC_037_01 | B54: D | C54: MORPC_037 | D54: 140562 | E54: 6330 S Hempstead Rd, Westerville | F54: Township Building | G54: Blendon Senior Center | H54: =OFFSET('Installed Sensors'!$B$1,MATCH($E54,'Installed Sensors'!$C:$C,0)-1,0) -> Blendon | I54: =OFFSET('Installed Sensors'!$E$1,MATCH($E54,'Installed Sensors'!$C:$C,0)-1,0) -> 43081 | J54: 40.0982 | K54: -82.899765 | L54: 44544
A55: MORPC_038_00 | B55: C | C55: MORPC_038 | D55: 102020 | E55: 7560 Smoky Row Rd | F55: OH EPA Monitoring Site | G55: Collocation_4_38 | H55: =OFFSET('Installed Sensors'!$B$1,MATCH($E55,'Installed Sensors'!$C:$C,0)-1,0) -> #N/A | I55: =OFFSET('Installed Sensors'!$E$1,MATCH($E55,'Installed Sensors'!$C:$C,0)-1,0) -> #N/A | J55: 40.111164 | K55: -83.0654 | L55: 44449 | M55: 44470
A56: MORPC_038_01 | B56: D | C56: MORPC_038 | D56: 139364 | E56: 511 S Hague Ave | F56: Hilltop Library | G56: Hilltop Library | H56: =OFFSET('Installed Sensors'!$B$1,MATCH($E56,'Installed Sensors'!$C:$C,0)-1,0) -> Hilltop | I56: =OFFSET('Installed Sensors'!$E$1,MATCH($E56,'Installed Sensors'!$C:$C,0)-1,0) -> 43204 | J56: 39.9445 | K56: -83.0735 | L56: 44562 | M56: 44697
A57: MORPC_038_02 | B57: D | C57: MORPC_038 | D57: 147691 | E57: 2879 Valleyview Drive | F57: YMCA | G57: Hilltop YMCA | H57: =OFFSET('Installed Sensors'!$B$1,MATCH($E57,'Installed Sensors'!$C:$C,0)-1,0) -> Hilltop | I57: =OFFSET('Installed Sensors'!$E$1,MATCH($E57,'Installed Sensors'!$C:$C,0)-1,0) -> 43204 | J57: 39.962215 | K57: -83.07883 | L57: 44700 | M57: 45894
A58: MORPC_039_01 | B58: D | C58: MORPC_039 | D58: 136660 | E58: 3226 Kingston Ave | F58: City Building | G58: Kingston Center | H58: =OFFSET('Installed Sensors'!$B$1,MATCH($E58,'Installed Sensors'!$C:$C,0)-1,0) -> #N/A | I58: =OFFSET('Installed Sensors'!$E$1,MATCH($E58,'Installed Sensors'!$C:$C,0)-1,0) -> #N/A | J58: 39.878006 | K58: -83.08881 | L58: 44531 | M58: 44531
A59: MORPC_039_02 | B59: D | C59: MORPC_039 | D59: 158823 | E59: 3227 Kingston Ave | F59: City Building | G59: Kingston Center | H59: Grove City | I59: 43123 | J59: 39.878006 | K59: -83.08881 | L59: 44532
A60: MORPC_040_00 | B60: C | C60: MORPC_040 | D60: 104850 | E60: 7560 Smoky Row Rd | F60: OH EPA Monitoring Site | G60: Smoky Row (MORPC) | H60: =OFFSET('Installed Sensors'!$B$1,MATCH($E60,'Installed Sensors'!$C:$C,0)-1,0) -> #N/A | I60: =OFFSET('Installed Sensors'!$E$1,MATCH($E60,'Installed Sensors'!$C:$C,0)-1,0) -> #N/A | J60: 40.111164 | K60: -83.0654 | L60: 44562
A61: MORPC_050_00 | B61: C | C61: MORPC_050 | D61: 157591 | E61: 7560 Smoky Row Rd | F61: OH EPA Monitoring Site | G61: Collocation_6_50 | H61: =OFFSET('Installed Sensors'!$B$1,MATCH($E61,'Installed Sensors'!$C:$C,0)-1,0) -> #N/A | I61: =OFFSET('Installed Sensors'!$E$1,MATCH($E61,'Installed Sensors'!$C:$C,0)-1,0) -> #N/A | J61: 40.111164 | K61: -83.0654 | L61: 44979 | M61: 45015
A62: MORPC_050_01 | B62: D | C62: MORPC_050 | D62: 262123 | E62: 897 W Broad St, Columbus | F62: Franklinton Cycle Works | G62: Franklinton Cycle Works | H62: Franklinton | I62: 43222 | J62: 39.9589 | K62: -83.02436 | L62: 45405
A63: MORPC_051_00 | B63: C | C63: MORPC_051 | D63: 157605 | E63: 7560 Smoky Row Rd | F63: OH EPA Monitoring Site | G63: Collocation_6_51 | H63: =OFFSET('Installed Sensors'!$B$1,MATCH($E63,'Installed Sensors'!$C:$C,0)-1,0) -> #N/A | I63: =OFFSET('Installed Sensors'!$E$1,MATCH($E63,'Installed Sensors'!$C:$C,0)-1,0) -> #N/A | J63: 40.111164 | K63: -83.0654 | L63: 44979 | M63: 45015
A64: MORPC_051_01 | B64: D | C64: MORPC_051 | D64: 157605 | E64: 1777 E Broad St, Columbus | F64: Franklin Park Conservatory @ The Greenhouse | G64: Franklin Park Conservatory | H64: Old Town East | I64: 43203 | J64: 39.96468 | K64: -82.95144 | L64: 45420 | M64: 45509
A65: MORPC_051_02 | B65: D | C65: MORPC_051 | D65: 262109 | E65: 133 S Cypress Ave | F65: Private Residence | G65: Franklinton 4 | H65: Franklinton | I65: 43222 | L65: 45712
A66: MORPC_052_00 | B66: C | C66: MORPC_052 | D66: 157617 | E66: 7560 Smoky Row Rd | F66: OH EPA Monitoring Site | G66: Collocation_6_52 | H66: =OFFSET('Installed Sensors'!$B$1,MATCH($E66,'Installed Sensors'!$C:$C,0)-1,0) -> #N/A | I66: =OFFSET('Installed Sensors'!$E$1,MATCH($E66,'Installed Sensors'!$C:$C,0)-1,0) -> #N/A | J66: 40.111164 | K66: -83.0654 | L66: 44979 | M66: 45015
A67: MORPC_052_01 | B67: D | C67: MORPC_052 | D67: 262107 | E67: 1777 E Broad St, Columbus | F67: Franklin Park Conservatory @ The Greenhouse | G67: Franklin Park Conservatory | H67: Old Town East | I67: 43203 | J67: 39.96468 | K67: -82.95144 | L67: 45509
A68: MORPC_053_00 | B68: C | C68: MORPC_053 | D68: 157559 | E68: 7560 Smoky Row Rd | F68: OH EPA Monitoring Site | G68: Collocation_6_53 | H68: =OFFSET('Installed Sensors'!$B$1,MATCH($E68,'Installed Sensors'!$C:$C,0)-1,0) -> #N/A | I68: =OFFSET('Installed Sensors'!$E$1,MATCH($E68,'Installed Sensors'!$C:$C,0)-1,0) -> #N/A | J68: 40.111164 | K68: -83.0654 | L68: 44979 | M68: 45015
A69: MORPC_053_01 | B69: D | C69: MORPC_053 | D69: 262121 | E69: 711 Southwood Ave, Columbus | F69: IMPACT Community Action | G69: IMPACT | H69: Far South | I69: 43207 | J69: 39.9318 | K69: -82.97672 | L69: 45436
A70: MORPC_054_00 | B70: C | C70: MORPC_054 | D70: 157615 | E70: 7560 Smoky Row Rd | F70: OH EPA Monitoring Site | G70: Collocation_6_54 | H70: =OFFSET('Installed Sensors'!$B$1,MATCH($E70,'Installed Sensors'!$C:$C,0)-1,0) -> #N/A | I70: =OFFSET('Installed Sensors'!$E$1,MATCH($E70,'Installed Sensors'!$C:$C,0)-1,0) -> #N/A | J70: 40.111164 | K70: -83.0654 | L70: 44979 | M70: 45015
A71: MORPC_054_01 | B71: D | C71: MORPC_054 | D71: 262105 | E71: 1833 Kent Street | F71: Private Residence | G71: Driving Park 1 | H71: Driving Park | I71: 43205 | J71: 39.951335 | K71: -82.948958 | L71: 45421
A72: MORPC_055_00 | B72: C | C72: MORPC_055 | E72: 7560 Smoky Row Rd | F72: OH EPA Monitoring Site | G72: Collocation_6_55 | H72: =OFFSET('Installed Sensors'!$B$1,MATCH($E72,'Installed Sensors'!$C:$C,0)-1,0) -> #N/A | I72: =OFFSET('Installed Sensors'!$E$1,MATCH($E72,'Installed Sensors'!$C:$C,0)-1,0) -> #N/A | J72: 40.111164 | K72: -83.0654 | L72: 44979 | M72: 45015
A73: MORPC_055_01 | B73: D | C73: MORPC_055 | D73: 157587 | E73: 5723 Paul Talbott Circle | F73: Private Residence | G73: Scioto Grove | H73: Scioto Grove | I73: 43123 | J73: 39.842789 | K73: -83.02037 | L73: 45443
A74: MORPC_060_00 | B74: C | C74: MORPC_060 | D74: 209913 | E74: 7560 Smoky Row Rd | F74: OH EPA Monitoring Site | G74: Collocation_7_60 | H74: =OFFSET('Installed Sensors'!$B$1,MATCH($E74,'Installed Sensors'!$C:$C,0)-1,0) -> #N/A | I74: =OFFSET('Installed Sensors'!$E$1,MATCH($E74,'Installed Sensors'!$C:$C,0)-1,0) -> #N/A | J74: 40.111164 | K74: -83.0654 | L74: 45336 | M74: 45351
A75: MORPC_060_01 | B75: D | C75: MORPC_060 | D75: 215583 | E75: 3515 Leap Rd | F75: Private Residence | G75: Hilliard | H75: Hilliard | I75: 43026 | J75: 40.02453 | K75: -83.13913 | L75: 45443
A76: MORPC_061_00 | B76: C | C76: MORPC_061 | D76: 209679 | E76: 7560 Smoky Row Rd | F76: OH EPA Monitoring Site | G76: Collocation_7_61 | H76: =OFFSET('Installed Sensors'!$B$1,MATCH($E76,'Installed Sensors'!$C:$C,0)-1,0) -> #N/A | I76: =OFFSET('Installed Sensors'!$E$1,MATCH($E76,'Installed Sensors'!$C:$C,0)-1,0) -> #N/A | J76: 40.111164 | K76: -83.0654 | L76: 45336 | M76: 45351
A77: MORPC_061_01 | B77: D | C77: MORPC_061 | D77: 215585 | E77: 1295 Glenn Ave | F77: Private Residence | G77: Grandview | H77: Grandview Heights | I77: 43123 | J77: 39.98302 | K77: -83.05438 | L77: 45523
A78: MORPC_062_00 | B78: C | C78: MORPC_062 | D78: 210129 | E78: 7560 Smoky Row Rd | F78: OH EPA Monitoring Site | G78: Collocation_7_62 | H78: =OFFSET('Installed Sensors'!$B$1,MATCH($E78,'Installed Sensors'!$C:$C,0)-1,0) -> #N/A | I78: =OFFSET('Installed Sensors'!$E$1,MATCH($E78,'Installed Sensors'!$C:$C,0)-1,0) -> #N/A | J78: 40.111164 | K78: -83.0654 | L78: 45336 | M78: 45351
A79: MORPC_062_01 | B79: D | C79: MORPC_062 | D79: 215587 | E79: 2255 Home Road | F79: Gantz Homestead Park | G79: Gantz Homestead | H79: Grove City | I79: 43123 | J79: 39.89808 | K79: -83.0628 | L79: 45525
A80: MORPC_063_00 | B80: C | C80: MORPC_063 | D80: 209635 | E80: 7560 Smoky Row Rd | F80: OH EPA Monitoring Site | G80: Collocation_7_63 | H80: =OFFSET('Installed Sensors'!$B$1,MATCH($E80,'Installed Sensors'!$C:$C,0)-1,0) -> #N/A | I80: =OFFSET('Installed Sensors'!$E$1,MATCH($E80,'Installed Sensors'!$C:$C,0)-1,0) -> #N/A | J80: 40.111164 | K80: -83.0654 | L80: 45336 | M80: 45351
A81: MORPC_063_01 | B81: D | C81: MORPC_063 | D81: 215589 | E81: 3625 Pegg Avenue | F81: Private Residence | G81: Knolls Thomas | H81: Knolls Thomas | I81: 43214 | J81: 40.03327 | K81: -83.03867 | L81: 45547 | M81: 45916
A82: MORPC_064_00 | B82: C | C82: MORPC_064 | D82: 209921 | E82: 7560 Smoky Row Rd | F82: OH EPA Monitoring Site | G82: Collocation_7_64 | H82: =OFFSET('Installed Sensors'!$B$1,MATCH($E82,'Installed Sensors'!$C:$C,0)-1,0) -> #N/A | I82: =OFFSET('Installed Sensors'!$E$1,MATCH($E82,'Installed Sensors'!$C:$C,0)-1,0) -> #N/A | J82: 40.111164 | K82: -83.0654 | L82: 45336 | M82: 45351
A83: MORPC_064_01 | B83: C | C83: MORPC_064 | D83: 215595 | E83: 1705 Milford Ave | F83: Private Residence | G83: North Linden_01 | H83: Linden | I83: 43224 | J83: 40.02455 | K83: -82.96616 | L83: 45584 | M83: 45807
A84: MORPC_064_02 | B84: D | C84: MORPC_064 | D84: 281484 | E84: 1688 Melrose Ave | F84: Private residence | G84: North Linden_02 | H84: Linden | I84: 43224 | J84: 40.024385 | K84: -82.966355 | L84: 45807
A85: MORPC_065_00 | B85: C | C85: MORPC_065 | D85: 209685 | E85: 7560 Smoky Row Rd | F85: OH EPA Monitoring Site | G85: Collocation_7_65 | H85: =OFFSET('Installed Sensors'!$B$1,MATCH($E85,'Installed Sensors'!$C:$C,0)-1,0) -> #N/A | I85: =OFFSET('Installed Sensors'!$E$1,MATCH($E85,'Installed Sensors'!$C:$C,0)-1,0) -> #N/A | J85: 40.111164 | K85: -83.0654 | L85: 45336 | M85: 45351
A86: MORPC_065_01 | B86: D | C86: MORPC_065 | D86: 215597 | E86: 96 Parkview Road | F86: Private residence | G86: Westerville | H86: Westerville | I86: 43081 | J86: 40.11601 | K86: -82.93135 | L86: 45593 | M86: 45824
A87: MORPC_066_00 | B87: C | C87: MORPC_066 | D87: 209932 | E87: 7560 Smoky Row Rd | F87: OH EPA Monitoring Site | G87: Collocation_7_66 | H87: =OFFSET('Installed Sensors'!$B$1,MATCH($E87,'Installed Sensors'!$C:$C,0)-1,0) -> #N/A | I87: =OFFSET('Installed Sensors'!$E$1,MATCH($E87,'Installed Sensors'!$C:$C,0)-1,0) -> #N/A | J87: 40.111164 | K87: -83.0654 | L87: 45336 | M87: 45351
A88: MORPC_066_01 | B88: D | C88: MORPC_066 | D88: 215599 | E88: 2040 Fenton Street | F88: Private residence | G88: Minerva Park | H88: Minerva Park | I88: 43224 | J88: 40.054326 | K88: -82.963001 | L88: 45611
A89: MORPC_067_00 | B89: C | C89: MORPC_067 | D89: 209625 | E89: 7560 Smoky Row Rd | F89: OH EPA Monitoring Site | G89: Collocation_7_67 | H89: =OFFSET('Installed Sensors'!$B$1,MATCH($E89,'Installed Sensors'!$C:$C,0)-1,0) -> #N/A | I89: =OFFSET('Installed Sensors'!$E$1,MATCH($E89,'Installed Sensors'!$C:$C,0)-1,0) -> #N/A | J89: 40.111164 | K89: -83.0654 | L89: 45336 | M89: 45351
A90: MORPC_067_01 | B90: D | C90: MORPC_067 | D90: 215601 | E90: 2263 Lila Way | F90: Private residence | G90: Northwest | H90: Northwest | I90: 43235 | J90: 40.072031 | K90: -83.078671 | L90: 45611
A91: MORPC_068_00 | B91: C | C91: MORPC_068 | D91: 210117 | E91: 7560 Smoky Row Rd | F91: OH EPA Monitoring Site | G91: Collocation_7_68 | H91: =OFFSET('Installed Sensors'!$B$1,MATCH($E91,'Installed Sensors'!$C:$C,0)-1,0) -> #N/A | I91: =OFFSET('Installed Sensors'!$E$1,MATCH($E91,'Installed Sensors'!$C:$C,0)-1,0) -> #N/A | J91: 40.111164 | K91: -83.0654 | L91: 45336 | M91: 45351
A92: MORPC_068_01 | B92: D | C92: MORPC_068 | D92: 215603 | E92: 5328 Cherry Bud Court | F92: Private residence | G92: Westland | H92: Westland | I92: 43228 | J92: 39.933369 | K92: -83.13655 | L92: 45611 | M92: 45901
A93: MORPC_068_02 | B93: D | C93: MORPC_068 | E93: 3625 Pegg Avenue | F93: Private Residence | G93: Knolls Thomas | H93: Knolls Thomas | I93: 43214 | J93: 40.03327 | K93: -83.03867 | L93: 45916
A94: MORPC_069_00 | B94: C | C94: MORPC_069 | D94: 209657 | E94: 7560 Smoky Row Rd | F94: OH EPA Monitoring Site | G94: Collocation_7_69 | H94: =OFFSET('Installed Sensors'!$B$1,MATCH($E94,'Installed Sensors'!$C:$C,0)-1,0) -> #N/A | I94: =OFFSET('Installed Sensors'!$E$1,MATCH($E94,'Installed Sensors'!$C:$C,0)-1,0) -> #N/A | J94: 40.111164 | K94: -83.0654 | L94: 45336 | M94: 45351
A95: MORPC_069_01 | B95: D | C95: MORPC_069 | D95: 215605 | E95: 3492 Stokey Ct | F95: Private residence | G95: Gahanna_1 | H95: Gahanna | I95: 43230 | J95: 40.045747 | K95: -82.896481 | L95: 45615
A96: MORPC_070_00 | B96: C | C96: MORPC_070 | D96: 209931 | E96: 7560 Smoky Row Rd | F96: OH EPA Monitoring Site | G96: Collocation_8_70 | H96: Smoky Row/OH EPA sensoring site | I96: 43235 | J96: 40.111164 | K96: -83.0654 | L96: 45352 | M96: 45372
A97: MORPC_070_01 | B97: D | C97: MORPC_070 | D97: 221315 | E97: 5556 N Meadows Blvd | F97: Private residence | G97: Salem Village | H97: Salem Village | I97: 43229 | J97: 40.079769 | K97: -82.992677 | L97: 45618
A98: MORPC_071_00 | B98: C | C98: MORPC_071 | D98: 209661 | E98: 7560 Smoky Row Rd | F98: OH EPA Monitoring Site | G98: Collocation_8_71 | H98: Smoky Row/OH EPA sensoring site | I98: 43235 | J98: 40.111164 | K98: -83.0654 | L98: 45351 | M98: 45372
A99: MORPC_071_01 | B99: D | C99: MORPC_071 | D99: 221317 | E99: 122 E Whittier Street | F99: Private residence | G99: German Village | H99: German Village | I99: 43206 | J99: 39.944685 | K99: -82.993587 | L99: 45618
A100: MORPC_072_00 | B100: C | C100: MORPC_072 | D100: 209905 | E100: 7560 Smoky Row Rd | F100: OH EPA Monitoring Site | G100: Collocation_8_72 | H100: Smoky Row/OH EPA sensoring site | I100: 43235 | J100: 40.111164 | K100: -83.0654 | L100: 45351 | M100: 45372
A101: MORPC_072_01 | B101: D | C101: MORPC_072 | D101: 221319 | E101: 2255 Kenny Rd | F101: Academic building | G101: Pelotonia Research Center | H101: OSU West Campus | I101: 43210 | J101: 40.005605 | K101: -83.035202 | L101: 45716
A102: MORPC_073_00 | B102: C | C102: MORPC_073 | D102: 209875 | E102: 7560 Smoky Row Rd | F102: OH EPA Monitoring Site | G102: Collocation_8_73 | H102: Smoky Row/OH EPA sensoring site | I102: 43235 | J102: 40.111164 | K102: -83.0654 | L102: 45351 | M102: 45372
...

Sheet Site Descriptions
A1: Sensor ID Deployment | B1: Address | C1: ZIP | D1: Lat | E1: Lon | F1: Distance to nearest Sensor | G1: Distance to nearest sensor not in same ZIP Code | H1: Land Use Type | I1: Housing Density (of unit or majority of units within block) | J1: Housing Type (of unit or majority of units within block) | K1: Distance to Highways | L1: Distance to schools (k-12) | M1: Distance to green spaces (Parks, Playgrounds, Rec Areas) | N1: Walkability Score https://www.walkscore.com/score/ | O1: Transit Score https://www.walkscore.com/score/ | P1: Bike Score https://www.walkscore.com/score/ | Q1: Lot Size (acres) | R1: Building Height (stories) | S1: Building Age (year built) | T1: Heating type | U1: A/C type or availability | V1: Sensor's Height Off Ground (in inches) | W1: Proximity to grocery stores (Food deserts?) | X1: Number of Vehicles/ Parking Spots | Y1: Adjacent to high traffic area (major road e.g. High Street, Broad Street, Parsons, 161, Morse, or similar)?(Y/N) (add description to comments) | Z1: Direct proximity or adjacent to high idle environments (garages, school pick ups, parking lots, stoplight intersection, etc)(if YES, distance; No, NA)(describe in comment) | AA1: General Location description not otherwise characterized
A2: MORPC_003_01 | B2: 1777 E Broad St | C2: 43203 | D2: 39.966859 | E2: -82.952291 | F2: 4988.4023 | G2: 4988.4023 | H2: Park | I2: Res Low Urban (8-20 units/acre) | J2: MF | K2: 4930.7629 | L2: 520.1466 | M2: 516.51092 | N2: 45 | O2: 43 | P2: 61 | AE2: Heating types | AF2: AC types | AG2: Sensor location on building
A3: MORPC_006_00 | B3: 7560 Smoky Row Rd | C3: 43235 | D3: 40.111164 | E3: -83.0654 | F3: 19588.622 | G3: 19588.622 | H3: Government | I3: Res Low Urban (8-20 units/acre) | J3: MF | K3: 159.15655 | L3: 3257.5788 | M3: 2619.3499 | N3: 42 | O3: 9 | P3: 26 | AA3: Attached to an Ohio EPA regulatory monitoring trailer for long-term co-location purposes. Sensor is surrounded by a fire station and residential homes to the North, two water towers and residential homes to the East, a highway to the South, and a two-way road followed by residential homes to the West. | AE3: Natural Gas Furnace | AF3: Central Air | AG3: North Wall/Corner
A4: MORPC_006_01 | B4: 441 Nashoba Ave | C4: 43223 | D4: 39.947178 | E4: -83.05088 | F4: 6365.536 | G4: 6365.536 | H4: Residential | I4: Res Low Urban (8-20 units/acre) | J4: SF | K4: 3319.0106 | L4: 2269.3438 | M4: 424.27563 | N4: 51 | O4: 36 | P4: 45 | AA4: Attached to a garage in the backyard of a private residence. Sensor is located in a large residential neighborhood surrounded by single family and multifamily homes to the North, East, South, and West. There are two-way roads to the North & South of the sensor. | AE4: Propane or Oil Furnace | AF4: Ductless | AG4: South Wall/Corner
A5: MORPC_007_00 | B5: 7560 Smoky Row Rd | C5: 43235 | D5: 40.111164 | E5: -83.0654 | F5: 19588.622 | G5: 19588.622 | H5: Government | I5: Res Low Urban (8-20 units/acre) | J5: MF | K5: 159.15655 | L5: 3257.5788 | M5: 2619.3499 | N5: 42 | O5: 9 | P5: 26 | AA5: Attached to an Ohio EPA regulatory monitoring trailer for long-term co-location purposes. Sensor is surrounded by a fire station and residential homes to the North, two water towers and residential homes to the East, a highway to the South, and a two-way road followed by residential homes to the West. | AE5: Electric Furnace | AF5: Window Unit | AG5: East Wall/Corner
A6: MORPC_007_01 | B6: 850 N Nelson Rd | C6: 43219 | D6: 39.986 | E6: -82.941 | F6: 7657.137 | G6: 7657.137 | H6: Government | I6: Res High Suburban (5-8 units/acre) | J6: SF | K6: 509.82097 | L6: 3849.39 | M6: 203.43617 | N6: 56 | O6: 35 | P6: 63 | AA6: Attached to a light pole in the parking lot of a Columbus Metropolitan Library. Sensor is located in a high traffic area surrounded by roads on all four sides. There is a highway to the South, and four-lane roads to the East and West. Additionally, there is a gas station and fast-food restaurant to the East of the sensor. | AE6: Natural Gas Boiler | AF6: Portable | AG6: West Wall/Corner
A7: MORPC_009_00 | B7: 7560 Smoky Row Rd | C7: 43235 | D7: 40.111164 | E7: -83.0654 | F7: 19588.622 | G7: 19588.622 | H7: Government | I7: Res Low Urban (8-20 units/acre) | J7: MF | K7: 159.15655 | L7: 3257.5788 | M7: 2619.3499 | N7: 42 | O7: 9 | P7: 26 | AA7: Attached to an Ohio EPA regulatory monitoring trailer for long-term co-location purposes. Sensor is surrounded by a fire station and residential homes to the North, two water towers and residential homes to the East, a highway to the South, and a two-way road followed by residential homes to the West. | AE7: Propane or Oil Boiler | AF7: Floor-mount | AG7: Northeast Wall/Corner
A8: MORPC_010_00 | B8: 7560 Smoky Row Rd | C8: 43235 | D8: 40.111164 | E8: -83.0654 | F8: 19588.622 | G8: 19588.622 | H8: Government | I8: Res Low Urban (8-20 units/acre) | J8: MF | K8: 159.15655 | L8: 3257.5788 | M8: 2619.3499 | N8: 42 | O8: 9 | P8: 26 | AA8: Attached to an Ohio EPA regulatory monitoring trailer for long-term co-location purposes. Sensor is surrounded by a fire station and residential homes to the North, two water towers and residential homes to the East, a highway to the South, and a two-way road followed by residential homes to the West. | AE8: Electric Boiler | AF8: Geothermal | AG8: Northwest Wall/Corner
A9: MORPC_012_00 | B9: 7560 Smoky Row Rd | C9: 43235 | D9: 40.111164 | E9: -83.0654 | F9: 19588.622 | G9: 19588.622 | H9: Government | I9: Res Low Urban (8-20 units/acre) | J9: MF | K9: 159.15655 | L9: 3257.5788 | M9: 2619.3499 | N9: 42 | O9: 9 | P9: 26 | AA9: Attached to an Ohio EPA regulatory monitoring trailer for long-term co-location purposes. Sensor is surrounded by a fire station and residential homes to the North, two water towers and residential homes to the East, a highway to the South, and a two-way road followed by residential homes to the West. | AE9: Heat Pump | AF9: Other (document any specifics) | AG9: Southeast Wall/Corner
A10: MORPC_012_01 | B10: 1221 Chesapeake Ave | C10: 43212 | D10: 39.991993 | E10: -83.03988 | F10: 5214.4308 | G10: 11250.32 | H10: Commercial | I10: Res Low Urban (8-20 units/acre) | J10: MF | K10: 4073.6949 | L10: 1919.31 | M10: 1770.138 | N10: 86 | O10: 38 | P10: 77 | AA10: Attached to a storage shed behind a catering business. Sensor is located in an area surrounded by businesses and multi-unit housing. There is a large parking lot and apartment complex to the North, businesses and parking lots to the East and West, and restaurant and auto repair shop to the South of the sensor. Additionally, there is a busy four-lane road West of the sensor. | AE10: Wood Heating | AF10: None | AG10: Southwest Wall/Corner
A11: MORPC_014_00 | B11: 7560 Smoky Row Rd | C11: 43235 | D11: 40.111164 | E11: -83.0654 | F11: 19588.622 | G11: 19588.622 | H11: Government | I11: Res Low Urban (8-20 units/acre) | J11: MF | K11: 159.15655 | L11: 3257.5788 | M11: 2619.3499 | N11: 42 | O11: 9 | P11: 26 | AA11: Attached to an Ohio EPA regulatory monitoring trailer for long-term co-location purposes. Sensor is surrounded by a fire station and residential homes to the North, two water towers and residential homes to the East, a highway to the South, and a two-way road followed by residential homes to the West. | AE11: Other (document any specifics) | AG11: Not next to a building (more than 5-yards from any structure)
A12: MORPC_014_01 | B12: 2768 Audubon Road | C12: 43211 | D12: 40.021294 | E12: -82.990456 | F12: 4929.5369 | G12: 4929.5369 | H12: Residential | I12: Res Low Urban (8-20 units/acre) | J12: SF | K12: 1278.7343 | L12: 1775.7051 | M12: 82.57417 | N12: 46 | O12: 36 | P12: 52 | AA12: Attached to the outside of a private residence. Sensor is located in a large residential area surrounded by single family homes to the North, East, and South. There is a two-way street and park to the West of the sensor. | AE12: None | AG12: Other (document any specifics)
A13: MORPC_015_00 | B13: 7560 Smoky Row Rd | C13: 43235 | D13: 40.111164 | E13: -83.0654 | F13: 19588.622 | G13: 19588.622 | H13: Government | I13: Res Low Urban (8-20 units/acre) | J13: MF | K13: 159.15655 | L13: 3257.5788 | M13: 2619.3499 | N13: 42 | O13: 9 | P13: 26 | AA13: Attached to an Ohio EPA regulatory monitoring trailer for long-term co-location purposes. Sensor is surrounded by a fire station and residential homes to the North, two water towers and residential homes to the East, a highway to the South, and a two-way road followed by residential homes to the West.
A14: MORPC_016_00 | B14: 7560 Smoky Row Rd | C14: 43235 | D14: 40.111164 | E14: -83.0654 | F14: 19588.622 | G14: 19588.622 | H14: Government | I14: Res Low Urban (8-20 units/acre) | J14: MF | K14: 159.15655 | L14: 3257.5788 | M14: 2619.3499 | N14: 42 | O14: 9 | P14: 26 | AA14: Attached to an Ohio EPA regulatory monitoring trailer for long-term co-location purposes. Sensor is surrounded by a fire station and residential homes to the North, two water towers and residential homes to the East, a highway to the South, and a two-way road followed by residential homes to the West.
A15: MORPC_017_00 | B15: 7560 Smoky Row Rd | C15: 43235 | D15: 40.111164 | E15: -83.0654 | F15: 19588.622 | G15: 19588.622 | H15: Government | I15: Res Low Urban (8-20 units/acre) | J15: MF | K15: 159.15655 | L15: 3257.5788 | M15: 2619.3499 | N15: 42 | O15: 9 | P15: 26 | AA15: Attached to an Ohio EPA regulatory monitoring trailer for long-term co-location purposes. Sensor is surrounded by a fire station and residential homes to the North, two water towers and residential homes to the East, a highway to the South, and a two-way road followed by residential homes to the West.
A16: MORPC_017_01 | B16: 1575 Studer Ave | C16: 43207 | D16: 39.93312 | E16: -82.96629 | F16: 8912.1837 | G16: 8912.1837 | H16: Residential | I16: Res High Suburban (5-8 units/acre) | J16: SF | K16: 6243.8021 | L16: 1080.1321 | M16: 2169.6589 | N16: 64 | O16: 39 | P16: 58 | AA16: Attached to a pole in the backyard of a private residence. Sensor is located in a large residential area surrounded by single family homes to the North, East, South, and West. There are two-way roads to the East and South of the sensor and an alleyway to the West.
A17: MORPC_018_00 | B17: 7560 Smoky Row Rd | C17: 43235 | D17: 40.111164 | E17: -83.0654 | F17: 19588.622 | G17: 19588.622 | H17: Government | I17: Res Low Urban (8-20 units/acre) | J17: MF | K17: 159.15655 | L17: 3257.5788 | M17: 2619.3499 | N17: 42 | O17: 9 | P17: 26 | AA17: Attached to an Ohio EPA regulatory monitoring trailer for long-term co-location purposes. Sensor is surrounded by a fire station and residential homes to the North, two water towers and residential homes to the East, a highway to the South, and a two-way road followed by residential homes to the West.
A18: MORPC_020_00 | B18: 7560 Smoky Row Rd | C18: 43235 | D18: 40.111164 | E18: -83.0654 | F18: 19588.622 | G18: 19588.622 | H18: Government | I18: Res Low Urban (8-20 units/acre) | J18: MF | K18: 159.15655 | L18: 3257.5788 | M18: 2619.3499 | N18: 42 | O18: 9 | P18: 26 | AA18: Attached to an Ohio EPA regulatory monitoring trailer for long-term co-location purposes. Sensor is surrounded by a fire station and residential homes to the North, two water towers and residential homes to the East, a highway to the South, and a two-way road followed by residential homes to the West.
A19: MORPC_021_00 | B19: 7560 Smoky Row Rd | C19: 43235 | D19: 40.111164 | E19: -83.0654 | F19: 19588.622 | G19: 19588.622 | H19: Government | I19: Res Low Urban (8-20 units/acre) | J19: MF | K19: 159.15655 | L19: 3257.5788 | M19: 2619.3499 | N19: 42 | O19: 9 | P19: 26 | AA19: Attached to an Ohio EPA regulatory monitoring trailer for long-term co-location purposes. Sensor is surrounded by a fire station and residential homes to the North, two water towers and residential homes to the East, a highway to the South, and a two-way road followed by residential homes to the West.
A20: MORPC_022_00 | B20: 7560 Smoky Row Rd | C20: 43235 | D20: 40.111164 | E20: -83.0654 | F20: 19588.622 | G20: 19588.622 | H20: Government | I20: Res Low Urban (8-20 units/acre) | J20: MF | K20: 159.15655 | L20: 3257.5788 | M20: 2619.3499 | N20: 42 | O20: 9 | P20: 26 | AA20: Attached to an Ohio EPA regulatory monitoring trailer for long-term co-location purposes. Sensor is surrounded by a fire station and residential homes to the North, two water towers and residential homes to the East, a highway to the South, and a two-way road followed by residential homes to the West.
A21: MORPC_022_01 | B21: 1575 Studer Ave | C21: 43207 | D21: 39.93312 | E21: -82.96629 | N21: 64 | O21: 39 | P21: 58
A22: MORPC_022_02 | B22: 4445 E Broad St | C22: 43213 | D22: 39.975647 | E22: -82.883125 | F22: 16651.519 | G22: 16651.519 | H22: Residential | I22: Res Low Urban (8-20 units/acre) | J22: MF | K22: 8002.2904 | L22: 796.79859 | M22: 1227.0566 | N22: 67 | O22: 35 | P22: 45 | AA22: Attached to a pole in the backyard of a private residence. Sensor is located in a large residential area surrounded by single family homes to the North, East, South, and West. There are two-way roads to the East and South of the sensor and an alleyway to the West.
A23: MORPC_023_00 | B23: 7560 Smoky Row Rd | C23: 43235 | D23: 40.111164 | E23: -83.0654 | F23: 19588.622 | G23: 19588.622 | H23: Government | I23: Res Low Urban (8-20 units/acre) | J23: MF | K23: 159.15655 | L23: 3257.5788 | M23: 2619.3499 | N23: 42 | O23: 9 | P23: 26 | AA23: Attached to an Ohio EPA regulatory monitoring trailer for long-term co-location purposes. Sensor is surrounded by a fire station and residential homes to the North, two water towers and residential homes to the East, a highway to the South, and a two-way road followed by residential homes to the West.
A24: MORPC_023_01 | B24: 5271 N High St | C24: 43214 | D24: 40.070442 | E24: -83.01968 | F24: 17245.479 | G24: 17245.479 | H24: Commercial | I24: Res High Suburban (5-8 units/acre) | J24: SF | K24: 3961.1411 | L24: 524.55846 | M24: 2344.8676 | N24: 81 | O24: 45 | P24: 67 | AA24: Attached to the side of a regional transit authority transit hub building. Public transportation vehicles may idle or park in this parking lot. Sensor is surrounded by restaurants and parking lots to the North; a four-lane road, large parking lots and corporate offices to the East; a two-lane street, a restaurant and residential homes to the South; and residential homes to the West.
A25: MORPC_024_00 | B25: 7560 Smoky Row Rd | C25: 43235 | D25: 40.111164 | E25: -83.0654 | F25: 19588.622 | G25: 19588.622 | H25: Government | I25: Res Low Urban (8-20 units/acre) | J25: MF | K25: 159.15655 | L25: 3257.5788 | M25: 2619.3499 | N25: 42 | O25: 9 | P25: 26 | AA25: Attached to an Ohio EPA regulatory monitoring trailer for long-term co-location purposes. Sensor is surrounded by a fire station and residential homes to the North, two water towers and residential homes to the East, a highway to the South, and a two-way road followed by residential homes to the West.
A26: MORPC_024_01 | B26: 1777 E Broad St | C26: 43203 | D26: 39.966859 | E26: -82.952291 | H26: Government | N26: 45 | O26: 43 | P26: 61 | AA26: Attached to a greenhouse at a horticultural and educational institution. Surrounded by a four-lane road, green space, gardens, and conservatory buildings to the North; green space, gardens, conservatory buildings, and a parking lot to the East; green space and gardens to the South and West.
A27: MORPC_025_00 | B27: 7560 Smoky Row Rd | C27: 43235 | D27: 40.111164 | E27: -83.0654 | F27: 19588.622 | G27: 19588.622 | H27: Government | I27: Res Low Urban (8-20 units/acre) | J27: MF | K27: 159.15655 | L27: 3257.5788 | M27: 2619.3499 | N27: 42 | O27: 9 | P27: 26 | AA27: Attached to an Ohio EPA regulatory monitoring trailer for long-term co-location purposes. Sensor is surrounded by a fire station and residential homes to the North, two water towers and residential homes to the East, a highway to the South, and a two-way road followed by residential homes to the West.
A28: MORPC_025_01 | B28: 3540 S High St | C28: 43207 | D28: 39.889465 | E28: -82.996895 | F28: 18071.822 | G28: 26129.74 | H28: Government | I28: Res Mod Suburban (3-5 units/acre) | J28: SF | K28: 5526.8466 | L28: 2582.6087 | M28: 789.86421 | N28: 66 | O28: 33 | P28: 48 | AA28: Attached to a fence at a Columbus Metropolitan Library. Surrounded by a parking lot and dental office to the North; residential homes, a parking lot, and a medical office to the East; a two-lane street and a fast-food restaurant to the South; and a four-lane road, several fast-food restaurants, and a used car dealership to the West.
A29: MORPC_026_00 | B29: 7560 Smoky Row Rd | C29: 43235 | D29: 40.111164 | E29: -83.0654 | F29: 19588.622 | G29: 19588.622 | H29: Government | I29: Res Low Urban (8-20 units/acre) | J29: MF | K29: 159.15655 | L29: 3257.5788 | M29: 2619.3499 | N29: 42 | O29: 9 | P29: 26 | AA29: Attached to an Ohio EPA regulatory monitoring trailer for long-term co-location purposes. Sensor is surrounded by a fire station and residential homes to the North, two water towers and residential homes to the East, a highway to the South, and a two-way road followed by residential homes to the West.
A30: MORPC_026_01 | B30: 1390 Cleveland Ave | C30: 43211 | D30: 39.993523 | E30: -82.98157 | F30: 10418.298 | G30: 11693.5 | H30: Commercial | I30: Res Low Urban (8-20 units/acre) | J30: SF | K30: 975.72979 | L30: 529.39695 | M30: 1975.4168 | N30: 70 | O30: 46 | P30: 47 | AA30: Attached to the side of a regional transit authority transit hub building. Surrounded by a large intersection, office building, and restaurants to the North; a two-lane street and office buildings to the East; a large parking lot and residential homes to the South; and a two-lane street, heating equipment supplier, and a police substation to the West.
A31: MORPC_027_00 | B31: 7560 Smoky Row Rd | C31: 43235 | D31: 40.111164 | E31: -83.0654 | F31: 19588.622 | G31: 19588.622 | H31: Government | I31: Res Low Urban (8-20 units/acre) | J31: MF | K31: 159.15655 | L31: 3257.5788 | M31: 2619.3499 | N31: 42 | O31: 9 | P31: 26 | AA31: Attached to an Ohio EPA regulatory monitoring trailer for long-term co-location purposes. Sensor is surrounded by a fire station and residential homes to the North, two water towers and residential homes to the East, a highway to the South, and a two-way road followed by residential homes to the West.
A32: MORPC_027_01 | B32: 2242 E Main St | C32: 43209 | D32: 39.9575 | E32: -82.9393 | F32: 4988.4023 | G32: 4988.4023 | H32: Commercial | I32: Res High Suburban (5-8 units/acre) | J32: MF | K32: 2577.4903 | L32: 2496.25 | M32: 1097.171 | N32: 81 | O32: NA | P32: 72 | AA32: Attached to the side of a multi-use (office space and restaurants) building. Surrounded by residential condos to the North; a parking lot and businesses to the East; business offices, restaurants, several other businesses, and a two-lane street to the South; and a large parking lot and apartments to the West.
A33: MORPC_028_00 | B33: 7560 Smoky Row Rd | C33: 43235 | D33: 40.111164 | E33: -83.0654 | F33: 19588.622 | G33: 19588.622 | H33: Government | I33: Res Low Urban (8-20 units/acre) | J33: MF | K33: 159.15655 | L33: 3257.5788 | M33: 2619.3499 | N33: 42 | O33: 9 | P33: 26 | AA33: Attached to an Ohio EPA regulatory monitoring trailer for long-term co-location purposes. Sensor is surrounded by a fire station and residential homes to the North, two water towers and residential homes to the East, a highway to the South, and a two-way road followed by residential homes to the West.
A34: MORPC_028_01 | B34: 1125 East Main St | C34: 43205 | D34: 39.957497 | E34: -82.96899 | F34: 5791.5507 | G34: 8323.09 | H34: Commercial | I34: Res Low Urban (8-20 units/acre) | J34: MF | K34: 1333.3297 | L34: 1239.3903 | M34: 729.20432 | N34: 72 | O34: 45 | P34: 74 | AA34: Attached to the outside of a regional transit authority transit hub building. Surrounded by a four-lane road, an auto repair shop, community center, and a bus stop to the North; green space, condos, a two-way street, and a large parking lot to the East; a parking lot, two-way street, and condos to the South; and a two-way street, green space and residential homes to the West.
A35: MORPC_029_00 | B35: 7560 Smoky Row Rd | C35: 43235 | D35: 40.111164 | E35: -83.0654 | F35: 19588.622 | G35: 19588.622 | H35: Government | I35: Res Low Urban (8-20 units/acre) | J35: MF | K35: 159.15655 | L35: 3257.5788 | M35: 2619.3499 | N35: 42 | O35: 9 | P35: 26 | AA35: Attached to an Ohio EPA regulatory monitoring trailer for long-term co-location purposes. Sensor is surrounded by a fire station and residential homes to the North, two water towers and residential homes to the East, a highway to the South, and a two-way road followed by residential homes to the West.
A36: MORPC_029_01 | B36: 251 E Weber Rd | C36: 43202 | D36: 40.024006 | E36: -83.0077 | F36: 4929.5369 | G36: 4929.5369 | H36: Residential | I36: Res Low Urban (8-20 units/acre) | J36: SF | K36: 3544.73 | L36: 326.96621 | M36: 1656.4965 | N36: 80 | O36: 38 | P36: 73 | AA36: Located on the roof of a school in a residential neighborhood. Surrounded by a two-lane street, baseball field, and playground to the North; a parking lot, playground, basketball courts, two-way street, and residential homes to the East; a two-way street and residential homes to the South; and greenspace, a playground, two-way street, and residential homes to the West.
A37: MORPC_030_00 | B37: 7560 Smoky Row Rd | C37: 43235 | D37: 40.111164 | E37: -83.0654 | F37: 19588.622 | G37: 19588.622 | H37: Government | I37: Res Low Urban (8-20 units/acre) | J37: MF | K37: 159.15655 | L37: 3257.5788 | M37: 2619.3499 | N37: 42 | O37: 9 | P37: 26 | AA37: Attached to an Ohio EPA regulatory monitoring trailer for long-term co-location purposes. Sensor is surrounded by a fire station and residential homes to the North, two water towers and residential homes to the East, a highway to the South, and a two-way road followed by residential homes to the West.
A38: MORPC_030_01 | B38: 333 W Broad S | C38: 43215 | D38: 39.96028 | E38: -83.006294 | F38: 5089.2256 | G38: 5089.2256 | H38: Commercial | I38: n/a | J38: n/a | K38: 2475.8043 | L38: 2726.267 | M38: 184.60742 | N38: 58 | O38: 62 | P38: 78 | AA38: Attached to the side of the science center in a small outdoor green space for visitors. Surrounded by four-lane road and museum to the North; a two-lane street, park, and Scioto River to the East; a two-lane street and park to the South; and green space, a two-lane street, and a hotel and business offices to the West.
A39: MORPC_031_00 | B39: 7560 Smoky Row Rd | C39: 43235 | D39: 40.111164 | E39: -83.0654 | F39: 19588.622 | G39: 19588.622 | H39: Government | I39: Res Low Urban (8-20 units/acre) | J39: MF | K39: 159.15655 | L39: 3257.5788 | M39: 2619.3499 | N39: 42 | O39: 9 | P39: 26 | AA39: Attached to an Ohio EPA regulatory monitoring trailer for long-term co-location purposes. Sensor is surrounded by a fire station and residential homes to the North, two water towers and residential homes to the East, a highway to the South, and a two-way road followed by residential homes to the West.
A40: MORPC_031_01 | B40: 1295 Glenn Ave | C40: 43212 | D40: 39.982983 | E40: -83.05434 | F40: 5214.4308 | G40: 9271.78 | H40: Residential | I40: Res High Suburban (5-8 units/acre) | J40: SF | K40: 5113.7644 | L40: 1571.0749 | M40: 1525.3768 | N40: 65 | O40: NA | P40: 61 | AA40: Attached to a fence in the backyard of a private residence. Surrounded by residential homes North, a two-way street and residential homes to the East, and residential homes to the South and West.
A41: MORPC_032_00 | B41: 7560 Smoky Row Rd | C41: 43235 | D41: 40.111164 | E41: -83.0654 | F41: 19588.622 | G41: 19588.622 | H41: Government | I41: Res Low Urban (8-20 units/acre) | J41: MF | K41: 159.15655 | L41: 3257.5788 | M41: 2619.3499 | N41: 42 | O41: 9 | P41: 26 | AA41: Attached to an Ohio EPA regulatory monitoring trailer for long-term co-location purposes. Sensor is surrounded by a fire station and residential homes to the North, two water towers and residential homes to the East, a highway to the South, and a two-way road followed by residential homes to the West.
A42: MORPC_032_01 | B42: 2527 Nassau Drive | C42: 43232 | D42: 39.92103 | E42: -82.89317 | F42: 18542.189 | G42: 18542.189 | H42: Residential | I42: Res Low Urban (8-20 units/acre) | J42: MF | K42: 3381.5173 | L42: 3417.1062 | M42: 2026.0093 | N42: 30 | O42: 33 | P42: 37
A43: MORPC_032_02 | B43: 251 E Weber Rd | C43: 43202 | D43: 40.024297 | E43: -83.006829 | N43: 80 | O43: 38 | P43: 73 | AA43: Attached to the fence of an apartment building in a large apartment complex. Sensor is surrounded by apartment buildings to the North, South, East, and a large parking lot and apartment buildings to the West.
A44: MORPC_033_00 | B44: 7560 Smoky Row Rd | C44: 43235 | D44: 40.111164 | E44: -83.0654 | F44: 19588.622 | G44: 19588.622 | H44: Government | I44: Res Low Urban (8-20 units/acre) | J44: MF | K44: 159.15655 | L44: 3257.5788 | M44: 2619.3499 | N44: 42 | O44: 9 | P44: 26 | AA44: Attached to an Ohio EPA regulatory monitoring trailer for long-term co-location purposes. Sensor is surrounded by a fire station and residential homes to the North, two water towers and residential homes to the East, a highway to the South, and a two-way road followed by residential homes to the West.
A45: MORPC_033_01 | B45: 897 W Broad St | C45: 43222 | D45: 39.9589 | E45: -83.02436 | F45: 3716.6562 | G45: 5089.24 | H45: Commercial | I45: Res Low Urban (8-20 units/acre) | J45: SF | K45: 1581.2664 | L45: 617.50734 | M45: 609.76684 | N45: 72 | O45: 47 | P45: 64 | AA45: Attached to the side of a bicycle repair shop. Surrounded by a four-lane road, several restaurants, stores, and an auto body shop to the North; parking lots, and a used tire shop to the East; residential homes to the South; and a one-way street, restaurant, and large parking lot to the West.
A46: MORPC_034_00 | B46: 7560 Smoky Row Rd | C46: 43235 | D46: 40.111164 | E46: -83.0654 | F46: 19588.622 | G46: 19588.622 | H46: Government | I46: Res Low Urban (8-20 units/acre) | J46: MF | K46: 159.15655 | L46: 3257.5788 | M46: 2619.3499 | N46: 42 | O46: 9 | P46: 26 | AA46: Attached to an Ohio EPA regulatory monitoring trailer for long-term co-location purposes. Sensor is surrounded by a fire station and residential homes to the North, two water towers and residential homes to the East, a highway to the South, and a two-way road followed by residential homes to the West.
A47: MORPC_034_01 | B47: 4445 E Broad St | C47: 43213 | D47: 39.975647 | E47: -82.883125 | N47: 67 | O47: 35 | P47: 47 | AA47: Attached to a pole that was staked in the ground outside of a Columbus Public Metropolitan Library. Sensor is surrounded by a four-lane road, apartments, condos, and office buildings to the North; residential homes, office buildings, and a brewery to the East; green space and residential homes to the South; and a church and school with a large parking lot to the West.
A48: MORPC_035_00 | B48: 7560 Smoky Row Rd | C48: 43235 | D48: 40.111164 | E48: -83.0654 | F48: 19588.622 | G48: 19588.622 | H48: Government | I48: Res Low Urban (8-20 units/acre) | J48: MF | K48: 159.15655 | L48: 3257.5788 | M48: 2619.3499 | N48: 42 | O48: 9 | P48: 26 | AA48: Attached to an Ohio EPA regulatory monitoring trailer for long-term co-location purposes. Sensor is surrounded by a fire station and residential homes to the North, two water towers and residential homes to the East, a highway to the South, and a two-way road followed by residential homes to the West.
A49: MORPC_035_01 | B49: 164 Hayden Ave | C49: 43222 | D49: 39.961174 | E49: -83.037285 | F49: 3716.6562 | G49: 6365.55 | H49: Residential | I49: Res Low Urban (8-20 units/acre) | J49: SF | K49: 1635.0053 | L49: 1174.131 | M49: 693.29615 | N49: 51 | O49: 42 | P49: 55 | AA49: Attached to the side of a home at a private residence. Surrounded by residential homes and railroad tracks to the North, a two-way street and residential homes to the East, residential homes to the South, and a two-way street and residential homes to the West.
A50: MORPC_036_00 | B50: 7560 Smoky Row Rd | C50: 43235 | D50: 40.111164 | E50: -83.0654 | F50: 19588.622 | G50: 19588.622 | H50: Government | I50: Res Low Urban (8-20 units/acre) | J50: MF | K50: 159.15655 | L50: 3257.5788 | M50: 2619.3499 | N50: 42 | O50: 9 | P50: 26 | AA50: Attached to an Ohio EPA regulatory monitoring trailer for long-term co-location purposes. Sensor is surrounded by a fire station and residential homes to the North, two water towers and residential homes to the East, a highway to the South, and a two-way road followed by residential homes to the West.
A51: MORPC_036_01 | B51: 2650 London Groveport Rd | C51: 43123 | D51: 39.839783 | E51: -83.07625 | F51: 14362.875 | G51: 28700.56 | H51: Commercial | I51: Res High Suburban (5-8 units/acre) | J51: MF | K51: 3467.547 | L51: 5984.9685 | M51: 1584.7231 | N51: 51 | O51: NA | P51: 66 | AA51: Attached to the side of a fire station. Surrounded by a recycling drop off station and residential homes to the North; several fast-food restaurants to the East; a four-lane road, garden center, and car wash to the South; and an auto parts store and restaurant with large parking lots to the West.
A52: MORPC_037_00 | B52: 7560 Smoky Row Rd | C52: 43235 | D52: 40.111164 | E52: -83.0654 | F52: 19588.622 | G52: 19588.622 | H52: Government | I52: Res Low Urban (8-20 units/acre) | J52: MF | K52: 159.15655 | L52: 3257.5788 | M52: 2619.3499 | N52: 42 | O52: 9 | P52: 26 | AA52: Attached to an Ohio EPA regulatory monitoring trailer for long-term co-location purposes. Sensor is surrounded by a fire station and residential homes to the North, two water towers and residential homes to the East, a highway to the South, and a two-way road followed by residential homes to the West.
A53: MORPC_037_01 | B53: 6330 S Hempstead Rd | C53: 43081 | D53: 40.0982 | E53: -82.899765 | F53: 35045.322 | G53: 35045.322 | H53: Government | I53: Res Mod Suburban (3-5 units/acre) | J53: SF | K53: 3091.0114 | L53: 2873.4732 | M53: 0 | N53: 9 | O53: NA | P53: 34 | AA53: Attached to the side of a senior center building. Surrounded by a parking lot and several township buildings to the North, a community garden and residential homes to the East, a cemetery to the South, and a two-lane road and residential homes to the West.
A54: MORPC_038_00 | B54: 7560 Smoky Row Rd | C54: 43235 | D54: 40.111164 | E54: -83.0654 | F54: 19588.622 | G54: 19588.622 | H54: Government | I54: Res Low Urban (8-20 units/acre) | J54: MF | K54: 159.15655 | L54: 3257.5788 | M54: 2619.3499 | N54: 42 | O54: 9 | P54: 26 | AA54: Attached to an Ohio EPA regulatory monitoring trailer for long-term co-location purposes. Sensor is surrounded by a fire station and residential homes to the North, two water towers and residential homes to the East, a highway to the South, and a two-way road followed by residential homes to the West.
A55: MORPC_038_01 | B55: 511 S Hague Ave | C55: 43204 | D55: 39.9445 | E55: -83.0735 | F55: 6416.7758 | G55: 6416.7758 | H55: Government | I55: Res Low Urban (8-20 units/acre) | J55: SF | K55: 8852.5523 | L55: 1083.6201 | M55: 1120.1417 | N55: 68 | O55: 35 | P55: 60
A56: MORPC_038_02 | B56: 2879 Valleyview Drive | C56: 43204 | D56: 39.962215 | E56: -83.07883 | F56: 6623.9221 | G56: 9560.43 | H56: Commercial | I56: Res Suburban (1.5-3 units/acre) | J56: SF | K56: 3559.6758 | L56: 690.52962 | M56: 333.71527 | N56: 54 | O56: 32 | P56: 66 | AA56: Located on the roof of a YMCA. Sensor is surrounded by a large parking lot, two-lane road, and residential homes to the North; a church and a large parking lot to the East; railroad tracks and apartments to the South; and two schools and parking lots to the West.
A57: MORPC_039_01 | B57: 3226 Kingston Ave | C57: 43123 | D57: 39.878006 | E57: -83.08881 | F57: 14362.875 | G57: 24599.79 | H57: Government | I57: Res High Suburban (5-8 units/acre) | J57: SF | K57: 8464.6522 | L57: 340.46305 | M57: 372.46683 | N57: 25 | O57: 32 | P57: 31 | AA57: Attached to the side of a city building in Grove City. Sensor is surrounded by a school, parking lot, and park to the North; residential homes to the East; a two-lane road and residential homes to the South; and a two-way road and residential homes to the West.
A58: MORPC_040_00 | B58: 7560 Smoky Row Rd | C58: 43235 | D58: 40.111164 | E58: -83.0654 | F58: 19588.622 | G58: 19588.622 | H58: Government | I58: Res Low Urban (8-20 units/acre) | J58: MF | K58: 159.15655 | L58: 3257.5788 | M58: 2619.3499 | N58: 42 | O58: 9 | P58: 26 | AA58: Attached to an Ohio EPA regulatory monitoring trailer for long-term co-location purposes. Sensor is surrounded by a fire station and residential homes to the North, two water towers and residential homes to the East, a highway to the South, and a two-way road followed by residential homes to the West.
A59: MORPC_050_00 | B59: 7560 Smoky Row Rd | C59: 43235 | D59: 40.111164 | E59: -83.0654 | F59: 19588.622 | G59: 19588.622 | H59: Government | I59: Res Low Urban (8-20 units/acre) | J59: MF | K59: 159.15655 | L59: 3257.5788 | M59: 2619.3499 | N59: 42 | O59: 9 | P59: 26 | AA59: Attached to an Ohio EPA regulatory monitoring trailer for long-term co-location purposes. Sensor is surrounded by a fire station and residential homes to the North, two water towers and residential homes to the East, a highway to the South, and a two-way road followed by residential homes to the West.
A60: MORPC_050_01 | B60: 897 W Broad St, Columbus | C60: 43222 | D60: 39.9589 | E60: -83.02436 | N60: 67 | O60: 45 | P60: 65 | Q60: 0.23 | R60: 1 | S60: 1950 | W60: 1.7 mi | AA60: Attached to the side of a bicycle repair shop. Surrounded by a four-lane road, several restaurants, stores, and an auto body shop to the North; parking lots, and a used tire shop to the East; residential homes to the South; and a one-way street, restaurant, and large parking lot to the West.
A61: MORPC_051_00 | B61: 7560 Smoky Row Rd | C61: 43235 | D61: 40.111164 | E61: -83.0654 | F61: 19588.622 | G61: 19588.622 | H61: Government | I61: Res Low Urban (8-20 units/acre) | J61: MF | K61: 159.15655 | L61: 3257.5788 | M61: 2619.3499 | N61: 42 | O61: 9 | P61: 26 | AA61: Attached to an Ohio EPA regulatory monitoring trailer for long-term co-location purposes. Sensor is surrounded by a fire station and residential homes to the North, two water towers and residential homes to the East, a highway to the South, and a two-way road followed by residential homes to the West.
A62: MORPC_051_01 | B62: 1777 E Broad St | C62: 43203 | D62: 39.96468 | E62: -82.95144 | N62: 28 | O62: 45 | P62: 65 | W62: 1.2 mi | AA62: Attached to a greenhouse at a horticultural and educational institution. Surrounded by a four-lane road, green space, gardens, and conservatory buildings to the North; green space, gardens, conservatory buildings, and a parking lot to the East; green space and gardens to the South and West.
A63: MORPC_052_00 | B63: 7560 Smoky Row Rd | C63: 43235 | D63: 40.111164 | E63: -83.0654 | F63: 19588.622 | G63: 19588.622 | H63: Government | I63: Res Low Urban (8-20 units/acre) | J63: MF | K63: 159.15655 | L63: 3257.5788 | M63: 2619.3499 | N63: 42 | O63: 9 | P63: 26 | AA63: Attached to an Ohio EPA regulatory monitoring trailer for long-term co-location purposes. Sensor is surrounded by a fire station and residential homes to the North, two water towers and residential homes to the East, a highway to the South, and a two-way road followed by residential homes to the West.
A64: MORPC_052_01 | B64: 1777 E Broad St | C64: 43203 | D64: 39.96468 | E64: -82.95144 | N64: 28 | O64: 45 | P64: 65 | W64: 1.2 mi | AA64: Attached to a greenhouse at a horticultural and educational institution. Surrounded by a four-lane road, green space, gardens, and conservatory buildings to the North; green space, gardens, conservatory buildings, and a parking lot to the East; green space and gardens to the South and West.
A65: MORPC_053_00 | B65: 7560 Smoky Row Rd | C65: 43235 | D65: 40.111164 | E65: -83.0654 | F65: 19588.622 | G65: 19588.622 | H65: Government | I65: Res Low Urban (8-20 units/acre) | J65: MF | K65: 159.15655 | L65: 3257.5788 | M65: 2619.3499 | N65: 42 | O65: 9 | P65: 26 | AA65: Attached to an Ohio EPA regulatory monitoring trailer for long-term co-location purposes. Sensor is surrounded by a fire station and residential homes to the North, two water towers and residential homes to the East, a highway to the South, and a two-way road followed by residential homes to the West.
A66: MORPC_053_01 | B66: 711 Southwood Ave, Columbus | C66: 43207 | D66: 39.9318 | E66: -82.97672 | N66: 49 | O66: 40 | P66: 56
A67: MORPC_054_00 | B67: 7560 Smoky Row Rd | C67: 43235 | D67: 40.111164 | E67: -83.0654 | F67: 19588.622 | G67: 19588.622 | H67: Government | I67: Res Low Urban (8-20 units/acre) | J67: MF | K67: 159.15655 | L67: 3257.5788 | M67: 2619.3499 | N67: 42 | O67: 9 | P67: 26 | AA67: Attached to an Ohio EPA regulatory monitoring trailer for long-term co-location purposes. Sensor is surrounded by a fire station and residential homes to the North, two water towers and residential homes to the East, a highway to the South, and a two-way road followed by residential homes to the West.
A68: MORPC_054_01 | B68: 1833 Kent Street | C68: 43205 | D68: 39.951389 | E68: -82.948958 | H68: Residential | I68: Res Low Urban (8-20 units/acre) | J68: SF | K68: 555.7 | L68: 1010.7 | N68: 65 | O68: 41 | P68: 54 | S68: 1941 | X68: 3 | Y68: Y | AA68: Attached to a 40-foot residential HAM radio tower, facing Rhoads Avenue. Boren Brothers Waste Management is across Rhoads to the east, with an active railroad track behind Boren Bros., and the site is located 2 blocks south of the I-70 East highway. To the west is a residential neighborhood. When the sensor was installed, there was a building being demolished a block down the road to the south that was releasing a lot of dust. The Coats have reported that the level of dust and soot in the area has been the same for decades.
A69: MORPC_055_00 | B69: 7560 Smoky Row Rd | C69: 43235 | D69: 40.111164 | E69: -83.0654 | F69: 19588.622 | G69: 19588.622 | H69: Government | I69: Res Low Urban (8-20 units/acre) | J69: MF | K69: 159.15655 | L69: 3257.5788 | M69: 2619.3499 | N69: 42 | O69: 9 | P69: 26 | AA69: Attached to an Ohio EPA regulatory monitoring trailer for long-term co-location purposes. Sensor is surrounded by a fire station and residential homes to the North, two water towers and residential homes to the East, a highway to the South, and a two-way road followed by residential homes to the West.
A70: MORPC_055_01 | B70: 5723 Paul Talbott Circle | C70: 43123 | D70: 39.84287 | E70: -83.020377 | H70: Residential | I70: Res Low Urban (8-20 units/acre) | J70: SF | X70: 1 | Y70: N | AA70: No; the sensor is located on the rear of the home, facing the Scioto Grove Metro Park forest, a protected area. The home itself is located in a cul-de-sac about 5 minutes away from any major road.
A71: MORPC_060_00 | B71: 7560 Smoky Row Rd | C71: 43235 | D71: 40.111164 | E71: -83.0654 | F71: 19588.62 | G71: 19588.62 | H71: Government | I71: Res Low Urban (8-20 units/acre) | J71: MF | K71: 159.16 | L71: 3257.58 | M71: 2619.35 | N71: 42 | O71: 9 | P71: 26 | AA71: Attached to an Ohio EPA regulatory monitoring trailer for long-term co-location purposes. Sensor is surrounded by a fire station and residential homes to the North, two water towers and residential homes to the East, a highway to the South, and a two-way road followed by residential homes to the West.
A72: MORPC_060_01 | B72: 3515 Leap Road | C72: 43026 | D72: 40.024674 | E72: -83.139427 | H72: Residential | I72: Res Low Urban (8-20 units/acre) | J72: SF | N72: 45 | O72: 45 | P72: 44 | X72: 1 | Y72: Y | AA72: Yes; located on Leap Road, a main road that leads into Hilliard. There was steady traffic going through during installation. Site host also reports lots of construction traffic that will pass during the early morning and late evening hours as they to the Amazon construction site.
A73: MORPC_061_00 | B73: 7560 Smoky Row Rd | C73: 43235 | D73: 40.111164 | E73: -83.0654 | F73: 19588.622 | G73: 19588.622 | H73: Government | I73: Res Low Urban (8-20 units/acre) | J73: MF
A74: MORPC_061_01 | B74: 1295 Glenn Ave | C74: 43212 | D74: 39.982983 | E74: -83.05434 | F74: 5214.4308 | G74: 9271.78 | H74: Residential | I74: Res High Suburban (5-8 units/acre) | J74: SF | K74: 5113.7644 | L74: 1571.0749 | M74: 1525.3768 | N74: 65 | O74: NA | P74: 61 | AA74: Attached to a fence in the backyard of a private residence. Surrounded by residential homes North, a two-way street and residential homes to the East, and residential homes to the South and West.
